Country,Year,Labor force with advanced education (% of total working-age population with advanced education)
Afghanistan,2014,84.2900009155273
Afghanistan,2017,64.6800003051758
Afghanistan,2020,57.75
Albania,2002,70.5999984741211
Albania,2005,65.0199966430664
Albania,2007,79.1900024414063
Albania,2008,78.9000015258789
Albania,2009,81.3000030517578
Albania,2010,77.9700012207031
Albania,2011,74.5199966430664
Albania,2012,73.0599975585938
Albania,2013,73.4300003051758
Albania,2014,74.379997253418
Albania,2015,73.2699966430664
Albania,2016,74.129997253418
Albania,2017,73.2200012207031
Albania,2018,62.1199989318848
Albania,2019,62.7000007629395
Algeria,2017,50.1699981689453
Angola,2004,89.0
Angola,2009,69.129997253418
Angola,2011,89.1100006103516
Angola,2014,68.6600036621094
Argentina,2004,84.1399993896484
Argentina,2005,84.370002746582
Argentina,2006,84.9499969482422
Argentina,2008,83.8499984741211
Argentina,2009,83.879997253418
Argentina,2010,83.8399963378906
Argentina,2011,83.6399993896484
Argentina,2012,82.4700012207031
Argentina,2013,82.6500015258789
Argentina,2014,82.2099990844727
Argentina,2017,79.0299987792969
Argentina,2018,79.5800018310547
Argentina,2019,80.4100036621094
Argentina,2020,77.2399978637695
Argentina,2021,79.1600036621094
Armenia,2007,57.2200012207031
Armenia,2008,70.5
Armenia,2009,60.810001373291
Armenia,2010,71.5100021362305
Armenia,2011,69.1100006103516
Armenia,2012,64.9800033569336
Armenia,2013,70.3199996948242
Armenia,2014,74.5100021362305
Armenia,2015,76.8600006103516
Armenia,2016,74.620002746582
Armenia,2017,73.6100006103516
Armenia,2018,79.0800018310547
Armenia,2019,79.3300018310547
Armenia,2020,76.2699966430664
Australia,2009,86.7200012207031
Australia,2010,86.3300018310547
Australia,2011,86.6399993896484
Australia,2012,86.8600006103516
Australia,2013,82.5800018310547
Australia,2014,81.2799987792969
Australia,2015,82.0899963378906
Australia,2016,81.4199981689453
Australia,2017,81.8000030517578
Australia,2018,77.7799987792969
Australia,2019,78.0699996948242
Australia,2020,76.8300018310547
Austria,2000,81.6999969482422
Austria,2001,82.370002746582
Austria,2002,80.8399963378906
Austria,2003,81.0999984741211
Austria,2004,74.7099990844727
Austria,2005,75.8600006103516
Austria,2006,76.379997253418
Austria,2007,77.1600036621094
Austria,2008,75.4400024414063
Austria,2009,75.8399963378906
Austria,2010,75.4700012207031
Austria,2011,76.0699996948242
Austria,2012,76.6500015258789
Austria,2013,77.0100021362305
Austria,2014,76.6800003051758
Austria,2015,76.7900009155273
Austria,2016,76.75
Austria,2017,77.2300033569336
Austria,2018,76.6399993896484
Austria,2019,76.6100006103516
Austria,2020,76.7699966430664
Austria,2021,76.7699966430664
Bangladesh,2006,72.5800018310547
Bangladesh,2010,85.8399963378906
Bangladesh,2013,80.0899963378906
Bangladesh,2016,77.5199966430664
Bangladesh,2017,79.6399993896484
Barbados,2015,80.2799987792969
Barbados,2016,81.879997253418
Barbados,2017,82.2600021362305
Barbados,2018,80.5899963378906
Barbados,2019,79.9100036621094
Belarus,2016,82.9599990844727
Belarus,2017,83.7600021362305
Belarus,2018,83.6999969482422
Belarus,2019,83.3899993896484
Belarus,2020,83.370002746582
Belarus,2021,82.8499984741211
Belgium,2000,83.7600021362305
Belgium,2001,82.2600021362305
Belgium,2002,81.3499984741211
Belgium,2003,81.2900009155273
Belgium,2004,81.5299987792969
Belgium,2005,81.8399963378906
Belgium,2006,78.6100006103516
Belgium,2007,79.2399978637695
Belgium,2008,78.3199996948242
Belgium,2009,77.620002746582
Belgium,2010,76.9599990844727
Belgium,2011,76.0699996948242
Belgium,2012,75.9100036621094
Belgium,2013,75.8300018310547
Belgium,2014,75.7399978637695
Belgium,2015,75.0199966430664
Belgium,2016,75.0500030517578
Belgium,2017,75.4100036621094
Belgium,2018,75.1600036621094
Belgium,2019,74.9100036621094
Belgium,2020,74.9599990844727
Belgium,2021,75.2799987792969
Belize,2012,87.7099990844727
Belize,2013,83.75
Belize,2014,85.7099990844727
Belize,2015,85.6399993896484
Belize,2016,84.5400009155273
Belize,2017,82.7900009155273
Belize,2019,85.4300003051758
Benin,2011,66.1699981689453
Benin,2018,42.4300003051758
Bhutan,2014,57.8199996948242
Bhutan,2015,63.0400009155273
Bhutan,2018,86.3099975585938
Bhutan,2019,88.3499984741211
Bhutan,2020,87.0100021362305
Bhutan,2021,91.120002746582
Bolivia,2000,81.0299987792969
Bolivia,2001,84.5
Bolivia,2002,88.629997253418
Bolivia,2004,71.5999984741211
Bolivia,2005,87.0699996948242
Bolivia,2006,85.9599990844727
Bolivia,2007,87.0699996948242
Bolivia,2008,82.3099975585938
Bolivia,2009,88.1800003051758
Bolivia,2011,81.7099990844727
Bolivia,2012,85.5500030517578
Bolivia,2013,81.7699966430664
Bolivia,2014,81.9499969482422
Bolivia,2015,80.129997253418
Bolivia,2016,78.0999984741211
Bolivia,2017,77.8899993896484
Bolivia,2018,79.5
Bolivia,2019,82.0500030517578
Bolivia,2020,78.4100036621094
Bolivia,2021,83.6999969482422
Bosnia and Herzegovina,2001,68.0500030517578
Bosnia and Herzegovina,2006,72.9499969482422
Bosnia and Herzegovina,2007,79.6699981689453
Bosnia and Herzegovina,2008,80.4599990844727
Bosnia and Herzegovina,2009,81.2600021362305
Bosnia and Herzegovina,2010,79.7399978637695
Bosnia and Herzegovina,2011,83.7099990844727
Bosnia and Herzegovina,2012,79.7600021362305
Bosnia and Herzegovina,2013,81.2399978637695
Bosnia and Herzegovina,2014,81.379997253418
Bosnia and Herzegovina,2015,78.9599990844727
Bosnia and Herzegovina,2016,78.9199981689453
Bosnia and Herzegovina,2017,77.4800033569336
Bosnia and Herzegovina,2018,76.5599975585938
Bosnia and Herzegovina,2019,74.5999984741211
Bosnia and Herzegovina,2020,79.6699981689453
Bosnia and Herzegovina,2021,75.8499984741211
Botswana,2006,52.1399993896484
Botswana,2009,87.5699996948242
Botswana,2010,72.4400024414063
Botswana,2019,77.120002746582
Botswana,2020,78.9700012207031
Brazil,2001,84.2300033569336
Brazil,2002,84.8399963378906
Brazil,2003,84.2300033569336
Brazil,2004,83.8899993896484
Brazil,2005,84.5400009155273
Brazil,2006,84.3000030517578
Brazil,2007,84.3600006103516
Brazil,2008,83.9599990844727
Brazil,2009,84.3300018310547
Brazil,2011,82.9599990844727
Brazil,2012,81.6800003051758
Brazil,2013,81.4800033569336
Brazil,2014,82.879997253418
Brazil,2015,82.9700012207031
Brazil,2016,83.1999969482422
Brazil,2017,83.1800003051758
Brazil,2018,82.9000015258789
Brazil,2019,83.1500015258789
Brazil,2020,79.4000015258789
Brazil,2021,80.5299987792969
Brunei Darussalam,2014,85.5800018310547
Brunei Darussalam,2017,81.9100036621094
Brunei Darussalam,2018,84.120002746582
Brunei Darussalam,2019,81.120002746582
Brunei Darussalam,2020,83.1699981689453
Brunei Darussalam,2021,81.379997253418
Bulgaria,2000,76.5800018310547
Bulgaria,2001,76.1999969482422
Bulgaria,2002,76.0699996948242
Bulgaria,2003,76.1699981689453
Bulgaria,2004,77.3099975585938
Bulgaria,2005,76.0199966430664
Bulgaria,2006,73.4100036621094
Bulgaria,2007,74.4700012207031
Bulgaria,2008,75.5400009155273
Bulgaria,2009,74.9100036621094
Bulgaria,2010,74.6900024414063
Bulgaria,2011,73.3300018310547
Bulgaria,2012,73.3899993896484
Bulgaria,2013,73.5800018310547
Bulgaria,2014,73.7399978637695
Bulgaria,2015,74.4400024414063
Bulgaria,2016,73.9400024414063
Bulgaria,2017,74.6999969482422
Bulgaria,2018,74.5
Bulgaria,2019,75.9700012207031
Bulgaria,2020,75.3199996948242
Bulgaria,2021,76.3099975585938
Burkina Faso,2014,58.2200012207031
Burkina Faso,2018,71.1100006103516
Burundi,2006,71.5999984741211
Burundi,2014,76.0800018310547
Burundi,2020,59.1599998474121
Cabo Verde,2015,74.3600006103516
Cabo Verde,2017,70.2099990844727
Cabo Verde,2018,70.6100006103516
Cabo Verde,2019,69.7699966430664
Cambodia,2000,60.8800010681152
Cambodia,2001,58.3600006103516
Cambodia,2007,79.2900009155273
Cambodia,2008,73.6500015258789
Cambodia,2009,65.8199996948242
Cambodia,2010,89.3399963378906
Cambodia,2011,93.9400024414063
Cambodia,2012,94.5999984741211
Cambodia,2013,80.5800018310547
Cambodia,2014,63.0699996948242
Cambodia,2015,75.9499969482422
Cambodia,2016,79.6600036621094
Cambodia,2017,79.1900024414063
Cambodia,2019,73.0199966430664
Cameroon,2007,83.1100006103516
Cameroon,2014,77.3600006103516
Canada,2000,78.5599975585938
Canada,2001,78.4499969482422
Canada,2002,78.5999984741211
Canada,2003,78.9899978637695
Canada,2004,78.6100006103516
Canada,2005,78.1900024414063
Canada,2006,77.8099975585938
Canada,2007,77.7300033569336
Canada,2008,77.6399993896484
Canada,2009,77.7099990844727
Canada,2010,77.1699981689453
Canada,2011,76.6900024414063
Canada,2012,76.4599990844727
Canada,2013,76.2600021362305
Canada,2014,75.75
Canada,2015,75.75
Canada,2016,75.3499984741211
Canada,2017,75.0500030517578
Canada,2018,74.6500015258789
Canada,2019,74.6699981689453
Canada,2020,72.7799987792969
Canada,2021,73.7799987792969
Caribbean small states,2014,76.2015042905337
Caribbean small states,2016,76.2574859386498
Cayman Islands,2011,90.1500015258789
Cayman Islands,2012,89.5899963378906
Cayman Islands,2014,88.1100006103516
Cayman Islands,2015,85.9499969482422
Central Europe and the Baltics,2000,80.6226356059089
Central Europe and the Baltics,2001,80.1600710025426
Central Europe and the Baltics,2002,79.6622944201757
Central Europe and the Baltics,2003,79.0943694641873
Central Europe and the Baltics,2004,79.8924678235352
Central Europe and the Baltics,2005,80.1227292256278
Central Europe and the Baltics,2006,78.6054295520861
Central Europe and the Baltics,2007,78.2676306147053
Central Europe and the Baltics,2008,78.1603178759166
Central Europe and the Baltics,2009,78.5068886112315
Central Europe and the Baltics,2010,77.9349208410082
Central Europe and the Baltics,2011,77.6728475928132
Central Europe and the Baltics,2012,77.7867263588107
Central Europe and the Baltics,2013,77.9291315102714
Central Europe and the Baltics,2014,78.1634200539941
Central Europe and the Baltics,2015,78.5378338527284
Central Europe and the Baltics,2016,78.5446915958014
Central Europe and the Baltics,2017,78.7402710042334
Central Europe and the Baltics,2018,78.8873552195776
Central Europe and the Baltics,2019,78.9243159964406
Central Europe and the Baltics,2020,78.3585182544711
Central Europe and the Baltics,2021,79.267026832363
Chad,2018,67.7699966430664
Chile,2000,89.7099990844727
Chile,2003,87.9499969482422
Chile,2006,86.1900024414063
Chile,2009,83.5999984741211
Chile,2010,83.8600006103516
Chile,2011,84.4800033569336
Chile,2012,85.129997253418
Chile,2013,84.3300018310547
Chile,2014,82.9400024414063
Chile,2015,83.9899978637695
Chile,2016,83.0
Chile,2017,82.5
Chile,2018,82.620002746582
Chile,2019,83.2200012207031
Chile,2020,81.0800018310547
Chile,2021,83.5400009155273
Colombia,2002,82.7300033569336
Colombia,2003,82.870002746582
Colombia,2004,81.5599975585938
Colombia,2005,81.370002746582
Colombia,2007,75.0100021362305
Colombia,2008,75.4300003051758
Colombia,2009,77.0299987792969
Colombia,2010,78.0299987792969
Colombia,2011,78.9000015258789
Colombia,2012,80.0400009155273
Colombia,2013,79.5
Colombia,2014,79.4700012207031
Colombia,2015,79.4899978637695
Colombia,2016,78.9700012207031
Colombia,2017,78.4800033569336
Colombia,2018,77.4400024414063
Colombia,2019,77.0999984741211
Colombia,2021,75.2200012207031
Comoros,2004,76.5599975585938
Comoros,2014,81.1999969482422
"Congo, Dem. Rep.",2005,82.0500030517578
"Congo, Dem. Rep.",2012,63.7099990844727
"Congo, Dem. Rep.",2020,61.0200004577637
"Congo, Rep.",2005,76.9100036621094
"Congo, Rep.",2009,36.4799995422363
Costa Rica,2001,80.7300033569336
Costa Rica,2002,80.7399978637695
Costa Rica,2003,80.8600006103516
Costa Rica,2004,79.5
Costa Rica,2005,80.0
Costa Rica,2006,81.3000030517578
Costa Rica,2007,80.9800033569336
Costa Rica,2008,79.9800033569336
Costa Rica,2009,79.4800033569336
Costa Rica,2010,75.1500015258789
Costa Rica,2011,74.620002746582
Costa Rica,2012,78.4800033569336
Costa Rica,2013,80.2300033569336
Costa Rica,2014,78.8000030517578
Costa Rica,2015,78.9300003051758
Costa Rica,2016,75.4800033569336
Costa Rica,2017,75.6399993896484
Costa Rica,2018,75.7799987792969
Costa Rica,2019,79.7300033569336
Costa Rica,2020,77.8099975585938
Costa Rica,2021,77.7900009155273
Cote d'Ivoire,2012,76.3600006103516
Cote d'Ivoire,2013,83.3099975585938
Cote d'Ivoire,2016,64.9400024414063
Cote d'Ivoire,2017,42.0099983215332
Cote d'Ivoire,2019,76.379997253418
Croatia,2002,77.3600006103516
Croatia,2003,77.2099990844727
Croatia,2004,77.6900024414063
Croatia,2005,74.8300018310547
Croatia,2006,71.5699996948242
Croatia,2007,75.8899993896484
Croatia,2008,75.3899993896484
Croatia,2009,75.4300003051758
Croatia,2010,74.75
Croatia,2011,72.4599990844727
Croatia,2012,73.370002746582
Croatia,2013,72.9800033569336
Croatia,2014,74.3000030517578
Croatia,2015,73.1600036621094
Croatia,2016,71.6800003051758
Croatia,2017,72.4800033569336
Croatia,2018,72.2399978637695
Croatia,2019,72.0599975585938
Croatia,2020,71.6600036621094
Croatia,2021,71.1100006103516
Cuba,2009,86.3899993896484
Cuba,2010,86.2300033569336
Curacao,2018,69.8099975585938
Curacao,2020,77.6100006103516
Cyprus,2000,88.1900024414063
Cyprus,2001,88.4000015258789
Cyprus,2002,88.0400009155273
Cyprus,2003,88.5
Cyprus,2004,86.8600006103516
Cyprus,2005,85.8199996948242
Cyprus,2006,86.2799987792969
Cyprus,2007,86.2399978637695
Cyprus,2008,85.6900024414063
Cyprus,2009,85.129997253418
Cyprus,2010,84.120002746582
Cyprus,2011,83.379997253418
Cyprus,2012,83.9899978637695
Cyprus,2013,83.75
Cyprus,2014,84.0999984741211
Cyprus,2015,83.9100036621094
Cyprus,2016,81.9300003051758
Cyprus,2017,81.7699966430664
Cyprus,2018,81.870002746582
Cyprus,2019,82.879997253418
Cyprus,2020,82.4400024414063
Cyprus,2021,82.4400024414063
Czechia,2000,74.1900024414063
Czechia,2001,73.4499969482422
Czechia,2002,72.8099975585938
Czechia,2003,69.8099975585938
Czechia,2004,72.3600006103516
Czechia,2005,72.5999984741211
Czechia,2006,71.620002746582
Czechia,2007,68.8300018310547
Czechia,2008,67.3899993896484
Czechia,2009,68.4100036621094
Czechia,2010,66.6800003051758
Czechia,2011,67.9800033569336
Czechia,2012,69.8399963378906
Czechia,2013,71.4499969482422
Czechia,2014,75.7699966430664
Czechia,2015,75.629997253418
Czechia,2016,75.6800003051758
Czechia,2017,76.2099990844727
Czechia,2018,76.9599990844727
Czechia,2019,76.2399978637695
Czechia,2020,75.5
Czechia,2021,76.0100021362305
Denmark,2000,85.4499969482422
Denmark,2001,84.5199966430664
Denmark,2002,84.0800018310547
Denmark,2003,83.629997253418
Denmark,2004,83.870002746582
Denmark,2005,83.7900009155273
Denmark,2006,81.0400009155273
Denmark,2007,81.6100006103516
Denmark,2008,80.0100021362305
Denmark,2009,78.8499984741211
Denmark,2010,78.379997253418
Denmark,2011,78.9899978637695
Denmark,2012,78.7600021362305
Denmark,2013,77.9599990844727
Denmark,2014,77.0599975585938
Denmark,2015,77.1999969482422
Denmark,2016,76.8000030517578
Denmark,2017,76.9000015258789
Denmark,2018,76.8300018310547
Denmark,2019,77.1999969482422
Denmark,2020,76.9499969482422
Denmark,2021,76.8099975585938
Djibouti,2017,70.7799987792969
Dominican Republic,2000,85.7099990844727
Dominican Republic,2001,82.9599990844727
Dominican Republic,2002,83.9000015258789
Dominican Republic,2003,84.379997253418
Dominican Republic,2004,83.0800018310547
Dominican Republic,2005,82.8300018310547
Dominican Republic,2006,82.6100006103516
Dominican Republic,2007,80.5500030517578
Dominican Republic,2008,81.879997253418
Dominican Republic,2009,79.0400009155273
Dominican Republic,2010,81.8099975585938
Dominican Republic,2011,81.5599975585938
Dominican Republic,2012,83.4899978637695
Dominican Republic,2013,82.2799987792969
Dominican Republic,2014,79.4000015258789
Dominican Republic,2015,84.2399978637695
Dominican Republic,2016,84.4599990844727
Dominican Republic,2017,84.3000030517578
Dominican Republic,2018,83.5199966430664
Dominican Republic,2019,83.7600021362305
Dominican Republic,2020,80.0800018310547
Dominican Republic,2021,81.379997253418
Early-demographic dividend,2005,73.7157493711284
Early-demographic dividend,2010,70.580572901687
Early-demographic dividend,2012,70.9429645123792
Early-demographic dividend,2018,67.9439962998789
Early-demographic dividend,2019,68.9794996003061
Ecuador,2000,80.1500015258789
Ecuador,2001,80.3199996948242
Ecuador,2003,83.5
Ecuador,2004,83.2600021362305
Ecuador,2005,84.2099990844727
Ecuador,2006,85.2399978637695
Ecuador,2007,83.25
Ecuador,2008,83.5599975585938
Ecuador,2009,80.6399993896484
Ecuador,2010,79.6100006103516
Ecuador,2011,79.5599975585938
Ecuador,2012,79.8899993896484
Ecuador,2013,79.2799987792969
Ecuador,2014,78.4300003051758
Ecuador,2015,80.4100036621094
Ecuador,2016,80.7399978637695
Ecuador,2017,80.6500015258789
Ecuador,2018,79.379997253418
Ecuador,2019,78.3199996948242
Ecuador,2021,76.9199981689453
"Egypt, Arab Rep.",2008,76.2300033569336
"Egypt, Arab Rep.",2009,76.4499969482422
"Egypt, Arab Rep.",2010,77.4400024414063
"Egypt, Arab Rep.",2011,77.2200012207031
"Egypt, Arab Rep.",2012,77.0100021362305
"Egypt, Arab Rep.",2013,76.8399963378906
"Egypt, Arab Rep.",2014,75.0599975585938
"Egypt, Arab Rep.",2015,75.8300018310547
"Egypt, Arab Rep.",2016,77.6399993896484
"Egypt, Arab Rep.",2017,75.7900009155273
"Egypt, Arab Rep.",2018,70.0999984741211
"Egypt, Arab Rep.",2020,62.8199996948242
El Salvador,2010,88.4899978637695
El Salvador,2011,86.6600036621094
El Salvador,2012,86.0500030517578
El Salvador,2013,88.6900024414063
El Salvador,2014,87.3899993896484
El Salvador,2015,84.1999969482422
El Salvador,2016,84.3499984741211
El Salvador,2017,82.3399963378906
El Salvador,2018,85.4899978637695
El Salvador,2019,82.6900024414063
El Salvador,2020,80.3000030517578
El Salvador,2021,84.879997253418
Estonia,2000,81.7600021362305
Estonia,2001,79.3300018310547
Estonia,2002,80.5100021362305
Estonia,2003,78.4100036621094
Estonia,2004,79.4899978637695
Estonia,2005,79.6800003051758
Estonia,2006,82.1699981689453
Estonia,2007,81.7099990844727
Estonia,2008,80.5199966430664
Estonia,2009,80.5100021362305
Estonia,2010,79.620002746582
Estonia,2011,79.2699966430664
Estonia,2012,80.7300033569336
Estonia,2013,80.629997253418
Estonia,2014,79.8600006103516
Estonia,2015,81.2699966430664
Estonia,2016,81.1699981689453
Estonia,2017,81.9199981689453
Estonia,2018,81.5
Estonia,2019,82.1100006103516
Estonia,2020,82.1100006103516
Estonia,2021,76.6399993896484
Eswatini,2016,82.5599975585938
Ethiopia,2005,94.2300033569336
Ethiopia,2013,93.5899963378906
Euro area,2000,81.4186064553173
Euro area,2001,81.2196698040488
Euro area,2002,79.9962164072178
Euro area,2003,81.4062124602133
Euro area,2004,81.174140391889
Euro area,2005,79.6887689729586
Euro area,2006,77.4209773389151
Euro area,2007,77.394510119261
Euro area,2008,77.5316454679463
Euro area,2009,77.1505157309049
Euro area,2010,76.9017408407426
Euro area,2011,77.0868904316498
Euro area,2012,77.2709995222708
Euro area,2013,76.9700588023007
Euro area,2014,76.9236628440416
Euro area,2015,76.8511534440256
Euro area,2016,76.9126295286146
Euro area,2017,76.6782740568207
Euro area,2018,76.6294832675556
Euro area,2019,76.7509434851343
Euro area,2020,75.6524336874576
Euro area,2021,76.3078969651311
Europe & Central Asia,2005,80.8827370329559
Europe & Central Asia,2007,79.0204585200937
Europe & Central Asia,2008,78.5567214991596
Europe & Central Asia,2009,78.2781095123606
Europe & Central Asia,2010,76.1612571212637
Europe & Central Asia,2011,76.4055872397658
Europe & Central Asia,2012,76.3356893674201
Europe & Central Asia,2013,76.4097698384421
Europe & Central Asia,2014,76.4966647026015
Europe & Central Asia,2015,76.6246335529538
Europe & Central Asia,2016,76.7240850659533
Europe & Central Asia,2017,75.8804115957894
Europe & Central Asia,2018,75.8941139434332
Europe & Central Asia,2019,75.7771358657239
Europe & Central Asia,2020,73.8538772835758
Europe & Central Asia,2021,74.4658758286989
Europe & Central Asia (IDA & IBRD countries),2010,73.1117185072979
Europe & Central Asia (IDA & IBRD countries),2011,73.521653140707
Europe & Central Asia (IDA & IBRD countries),2012,73.3592136631874
Europe & Central Asia (IDA & IBRD countries),2013,73.7624186642534
Europe & Central Asia (IDA & IBRD countries),2014,74.3604177931098
Europe & Central Asia (IDA & IBRD countries),2015,74.7014058727503
Europe & Central Asia (IDA & IBRD countries),2016,74.9134655852242
Europe & Central Asia (IDA & IBRD countries),2017,73.2064664544551
Europe & Central Asia (IDA & IBRD countries),2018,73.2141569531649
Europe & Central Asia (IDA & IBRD countries),2019,72.6390109009164
Europe & Central Asia (IDA & IBRD countries),2020,71.5827389589301
Europe & Central Asia (IDA & IBRD countries),2021,72.0339766057879
Europe & Central Asia (excluding high income),2011,72.0174670657202
Europe & Central Asia (excluding high income),2012,71.8190518649699
Europe & Central Asia (excluding high income),2013,72.2979737081915
Europe & Central Asia (excluding high income),2014,73.2168434694011
Europe & Central Asia (excluding high income),2015,73.531441230024
Europe & Central Asia (excluding high income),2016,73.8897741329431
Europe & Central Asia (excluding high income),2017,71.7898030719119
Europe & Central Asia (excluding high income),2018,71.7878678344879
Europe & Central Asia (excluding high income),2019,71.0936795648112
Europe & Central Asia (excluding high income),2020,70.0175666422629
Europe & Central Asia (excluding high income),2021,70.2723562192414
European Union,2000,81.2333010194682
European Union,2001,80.9470702972485
European Union,2002,79.9332782766669
European Union,2003,80.890687409287
European Union,2004,80.9273736618111
European Union,2005,79.8733888151648
European Union,2006,77.7724923542829
European Union,2007,77.6887414413756
European Union,2008,77.7558467144201
European Union,2009,77.5252973964269
European Union,2010,77.1927191602899
European Union,2011,77.2913653232851
European Union,2012,77.4739384500193
European Union,2013,77.2924496669268
European Union,2014,77.3258092097921
European Union,2015,77.3548340577162
European Union,2016,77.3806583019052
European Union,2017,77.2486146069376
European Union,2018,77.23946781757
European Union,2019,77.3358458350726
European Union,2020,76.370479140163
European Union,2021,76.9366625939539
Fiji,2005,71.6699981689453
Fiji,2011,80.4700012207031
Fiji,2014,92.0699996948242
Fiji,2016,80.7300033569336
Finland,2000,84.0299987792969
Finland,2001,83.9800033569336
Finland,2002,83.6999969482422
Finland,2003,83.4899978637695
Finland,2004,83.2900009155273
Finland,2005,82.370002746582
Finland,2006,79.1999969482422
Finland,2007,79.1699981689453
Finland,2008,78.9300003051758
Finland,2009,77.870002746582
Finland,2010,77.3600006103516
Finland,2011,76.6999969482422
Finland,2012,76.6600036621094
Finland,2013,75.5100021362305
Finland,2014,75.0400009155273
Finland,2015,75.0299987792969
Finland,2016,74.4400024414063
Finland,2017,74.1500015258789
Finland,2018,74.1500015258789
Finland,2019,74.0299987792969
Finland,2020,73.9800033569336
Finland,2021,74.7900009155273
France,2000,79.8000030517578
France,2001,79.9100036621094
France,2002,72.8899993896484
France,2003,80.5199966430664
France,2004,80.3199996948242
France,2005,74.4100036621094
France,2006,74.0
France,2007,74.5899963378906
France,2008,75.7200012207031
France,2009,75.0
France,2010,75.2900009155273
France,2011,75.3399963378906
France,2012,76.1800003051758
France,2013,76.1600036621094
France,2014,77.379997253418
France,2015,77.5199966430664
France,2016,77.2900009155273
France,2017,76.5999984741211
France,2018,76.5500030517578
France,2019,76.6399993896484
France,2020,75.6500015258789
France,2021,77.3499984741211
"Gambia, The",2012,84.9300003051758
"Gambia, The",2018,74.4700012207031
Georgia,2011,76.5899963378906
Georgia,2012,77.0400009155273
Georgia,2013,75.8499984741211
Georgia,2014,76.129997253418
Georgia,2015,76.0899963378906
Georgia,2016,77.0
Georgia,2017,73.8000030517578
Georgia,2018,72.0999984741211
Georgia,2019,71.9800033569336
Georgia,2020,72.3000030517578
Germany,2000,79.5100021362305
Germany,2001,79.2399978637695
Germany,2002,78.8600006103516
Germany,2003,78.9499969482422
Germany,2004,78.5800018310547
Germany,2005,78.4300003051758
Germany,2006,74.6699981689453
Germany,2007,74.0699996948242
Germany,2008,73.5400009155273
Germany,2009,73.6800003051758
Germany,2010,73.629997253418
Germany,2011,74.5899963378906
Germany,2012,74.379997253418
Germany,2013,74.2300033569336
Germany,2014,73.9199981689453
Germany,2015,73.620002746582
Germany,2016,74.0400009155273
Germany,2017,73.8399963378906
Germany,2018,73.75
Germany,2019,74.4000015258789
Germany,2020,72.6100006103516
Germany,2021,72.8499984741211
Ghana,2000,71.9599990844727
Ghana,2006,85.75
Ghana,2010,75.370002746582
Ghana,2013,80.5199966430664
Ghana,2015,83.8899993896484
Ghana,2017,66.75
Greece,2000,81.620002746582
Greece,2001,80.2699966430664
Greece,2002,80.3600006103516
Greece,2003,80.4000015258789
Greece,2004,80.7699966430664
Greece,2005,80.9300003051758
Greece,2006,81.3099975585938
Greece,2007,80.5899963378906
Greece,2008,80.0
Greece,2009,80.2399978637695
Greece,2010,79.4300003051758
Greece,2011,77.9000015258789
Greece,2012,77.2200012207031
Greece,2013,76.9499969482422
Greece,2014,74.9199981689453
Greece,2015,76.0
Greece,2016,75.8899993896484
Greece,2017,75.5999984741211
Greece,2018,75.7799987792969
Greece,2019,75.7099990844727
Greece,2020,74.3899993896484
Greece,2021,73.75
Guatemala,2003,87.879997253418
Guatemala,2004,81.5899963378906
Guatemala,2006,86.0800018310547
Guatemala,2010,87.5599975585938
Guatemala,2011,85.8199996948242
Guatemala,2012,87.25
Guatemala,2013,85.8399963378906
Guatemala,2014,79.6399993896484
Guatemala,2015,85.2099990844727
Guatemala,2016,82.5599975585938
Guatemala,2017,82.0999984741211
Guatemala,2018,81.9800033569336
Guatemala,2019,81.4300003051758
Guinea,2002,69.0299987792969
Guinea,2019,79.5100021362305
Guinea-Bissau,2018,72.3399963378906
Guyana,2018,78.4400024414063
Guyana,2019,79.1399993896484
Haiti,2012,70.9199981689453
High income,2000,80.4144222993424
High income,2001,80.0155827564682
High income,2002,79.395430510963
High income,2003,79.94956127792
High income,2004,79.8119957707237
High income,2005,79.3479431396853
High income,2006,78.4786433448122
High income,2007,78.2742979156349
High income,2008,77.9775066753226
High income,2009,78.0454969708712
High income,2010,77.6198078432524
High income,2011,77.4976131726832
High income,2012,77.3554481805808
High income,2013,77.0658533509525
High income,2014,76.9472599315472
High income,2015,76.8135113593573
High income,2016,76.7237167710963
High income,2017,76.6772515709522
High income,2018,76.5508452823996
High income,2019,76.6765160864849
High income,2020,75.1164147659351
High income,2021,74.7733108981419
Honduras,2005,91.879997253418
Honduras,2006,86.3499984741211
Honduras,2007,87.1699981689453
Honduras,2008,90.4800033569336
Honduras,2009,89.2600021362305
Honduras,2010,89.4700012207031
Honduras,2011,87.7099990844727
Honduras,2012,83.379997253418
Honduras,2013,88.8600006103516
Honduras,2014,86.1999969482422
Honduras,2015,85.7200012207031
Honduras,2016,86.7399978637695
Honduras,2017,83.5999984741211
Honduras,2018,86.5
Honduras,2019,84.0899963378906
"Hong Kong SAR, China",2009,75.8600006103516
"Hong Kong SAR, China",2010,76.129997253418
"Hong Kong SAR, China",2011,77.629997253418
"Hong Kong SAR, China",2012,77.2699966430664
"Hong Kong SAR, China",2013,76.6100006103516
"Hong Kong SAR, China",2014,76.0100021362305
"Hong Kong SAR, China",2015,76.5500030517578
"Hong Kong SAR, China",2016,76.1800003051758
"Hong Kong SAR, China",2017,76.7900009155273
"Hong Kong SAR, China",2018,76.6600036621094
"Hong Kong SAR, China",2019,76.4899978637695
"Hong Kong SAR, China",2020,76.9800033569336
"Hong Kong SAR, China",2021,77.0800018310547
Hungary,2000,76.629997253418
Hungary,2001,77.1999969482422
Hungary,2002,77.7900009155273
Hungary,2003,77.5400009155273
Hungary,2004,78.3600006103516
Hungary,2005,78.7900009155273
Hungary,2006,77.2399978637695
Hungary,2007,75.870002746582
Hungary,2008,75.5500030517578
Hungary,2009,75.0400009155273
Hungary,2010,74.9800033569336
Hungary,2011,75.4599990844727
Hungary,2012,75.2399978637695
Hungary,2013,74.8600006103516
Hungary,2014,72.5999984741211
Hungary,2015,72.7099990844727
Hungary,2016,73.4499969482422
Hungary,2017,72.8199996948242
Hungary,2018,72.9499969482422
Hungary,2019,72.9100036621094
Hungary,2020,71.5500030517578
Hungary,2021,76.8000030517578
IDA blend,2019,71.3118769275877
Iceland,2000,94.6900024414063
Iceland,2001,92.8399963378906
Iceland,2002,94.2300033569336
Iceland,2003,92.8099975585938
Iceland,2004,91.0800018310547
Iceland,2005,91.4499969482422
Iceland,2006,91.2900009155273
Iceland,2007,90.7900009155273
Iceland,2008,90.1600036621094
Iceland,2009,90.3600006103516
Iceland,2010,89.9899978637695
Iceland,2011,90.8000030517578
Iceland,2012,90.9400024414063
Iceland,2013,90.8099975585938
Iceland,2014,91.0100021362305
Iceland,2015,91.7099990844727
Iceland,2016,91.75
Iceland,2017,91.3300018310547
Iceland,2018,90.2099990844727
Iceland,2019,90.1600036621094
Iceland,2020,88.0699996948242
Iceland,2021,86.0100021362305
India,2000,69.2099990844727
India,2005,67.620002746582
India,2010,63.0900001525879
India,2012,64.0599975585938
India,2018,60.6500015258789
India,2019,61.4500007629395
Indonesia,2000,87.2600021362305
Indonesia,2001,79.7399978637695
Indonesia,2002,86.0699996948242
Indonesia,2003,78.8399963378906
Indonesia,2004,79.5500030517578
Indonesia,2005,87.2399978637695
Indonesia,2006,85.2099990844727
Indonesia,2007,80.4700012207031
Indonesia,2008,84.379997253418
Indonesia,2009,79.8399963378906
Indonesia,2010,84.0100021362305
Indonesia,2011,85.4499969482422
Indonesia,2012,87.9199981689453
Indonesia,2013,86.6100006103516
Indonesia,2014,86.4100036621094
Indonesia,2015,85.620002746582
Indonesia,2016,85.5899963378906
Indonesia,2017,84.870002746582
Indonesia,2018,81.8600006103516
Indonesia,2019,84.0800018310547
Indonesia,2020,82.2600021362305
Indonesia,2021,80.4800033569336
"Iran, Islamic Rep.",2005,48.2700004577637
"Iran, Islamic Rep.",2006,46.4500007629395
"Iran, Islamic Rep.",2007,45.2299995422363
"Iran, Islamic Rep.",2008,41.8499984741211
"Iran, Islamic Rep.",2009,42.5699996948242
"Iran, Islamic Rep.",2010,42.4099998474121
"Iran, Islamic Rep.",2011,39.4099998474121
"Iran, Islamic Rep.",2012,41.4500007629395
"Iran, Islamic Rep.",2013,40.0499992370605
"Iran, Islamic Rep.",2014,39.5
"Iran, Islamic Rep.",2015,41.5800018310547
"Iran, Islamic Rep.",2016,43.4799995422363
"Iran, Islamic Rep.",2018,57.5499992370605
"Iran, Islamic Rep.",2019,56.8699989318848
"Iran, Islamic Rep.",2020,52.6100006103516
Iraq,2007,79.5999984741211
Iraq,2012,64.9800033569336
Iraq,2021,74.7099990844727
Ireland,2000,86.7900009155273
Ireland,2001,86.7200012207031
Ireland,2002,84.5199966430664
Ireland,2003,84.8000030517578
Ireland,2004,84.25
Ireland,2005,84.7799987792969
Ireland,2006,83.4199981689453
Ireland,2007,85.4800033569336
Ireland,2008,84.7099990844727
Ireland,2009,84.1100006103516
Ireland,2010,82.9000015258789
Ireland,2011,82.3199996948242
Ireland,2012,81.2900009155273
Ireland,2013,81.5299987792969
Ireland,2014,80.5299987792969
Ireland,2015,80.9300003051758
Ireland,2016,80.8199996948242
Ireland,2017,81.1100006103516
Ireland,2018,81.3099975585938
Ireland,2019,81.1500015258789
Ireland,2020,80.6100006103516
Ireland,2021,81.870002746582
Israel,2009,74.7900009155273
Israel,2010,75.1100006103516
Israel,2011,76.6500015258789
Israel,2012,81.7900009155273
Israel,2013,81.4100036621094
Israel,2014,82.1699981689453
Israel,2015,82.1100006103516
Israel,2016,82.2900009155273
Israel,2017,81.2600021362305
Israel,2018,79.2099990844727
Israel,2019,78.7399978637695
Israel,2020,77.5999984741211
Italy,2000,82.3899993896484
Italy,2001,82.1500015258789
Italy,2002,82.75
Italy,2003,82.2300033569336
Italy,2004,82.2099990844727
Italy,2005,80.2600021362305
Italy,2006,76.4499969482422
Italy,2007,75.5500030517578
Italy,2008,76.5400009155273
Italy,2009,75.4000015258789
Italy,2010,74.6600036621094
Italy,2011,75.0400009155273
Italy,2012,75.3499984741211
Italy,2013,74.6399993896484
Italy,2014,74.620002746582
Italy,2015,74.5100021362305
Italy,2016,75.0800018310547
Italy,2017,75.0699996948242
Italy,2018,74.9100036621094
Italy,2019,74.7600021362305
Italy,2020,73.6600036621094
Italy,2021,75.370002746582
Jamaica,2008,82.8099975585938
Jamaica,2009,80.9300003051758
Jamaica,2010,80.379997253418
Jamaica,2011,76.8399963378906
Jamaica,2012,76.8099975585938
Jamaica,2013,76.5
Jamaica,2014,77.0500030517578
Jamaica,2016,76.2099990844727
Jamaica,2017,76.0199966430664
Jamaica,2018,74.9199981689453
Jamaica,2019,75.75
Jamaica,2020,77.2799987792969
Japan,2012,76.8899993896484
Japan,2013,77.5100021362305
Japan,2015,77.5599975585938
Japan,2016,77.7200012207031
Japan,2017,78.0999984741211
Japan,2018,78.3300018310547
Japan,2019,79.0899963378906
Japan,2020,78.629997253418
Jordan,2017,65.2399978637695
Jordan,2018,61.7299995422363
Jordan,2019,58.9300003051758
Jordan,2020,59.0400009155273
Kenya,2005,77.8199996948242
Kenya,2006,77.8199996948242
Kenya,2016,69.1399993896484
Kenya,2019,86.1900024414063
Kiribati,2015,82.6600036621094
Kiribati,2019,80.620002746582
"Korea, Rep.",2000,65.6999969482422
"Korea, Rep.",2001,65.870002746582
"Korea, Rep.",2002,66.0299987792969
"Korea, Rep.",2003,67.9700012207031
"Korea, Rep.",2004,69.4100036621094
"Korea, Rep.",2005,69.5199966430664
"Korea, Rep.",2006,69.7799987792969
"Korea, Rep.",2007,69.8600006103516
"Korea, Rep.",2008,69.75
"Korea, Rep.",2009,69.4000015258789
"Korea, Rep.",2010,69.8300018310547
"Korea, Rep.",2011,70.1699981689453
"Korea, Rep.",2012,70.5999984741211
"Korea, Rep.",2013,70.5199966430664
"Korea, Rep.",2014,71.2699966430664
"Korea, Rep.",2015,71.9400024414063
"Korea, Rep.",2016,72.1100006103516
"Korea, Rep.",2017,72.3000030517578
"Korea, Rep.",2018,72.2399978637695
"Korea, Rep.",2019,72.3000030517578
"Korea, Rep.",2020,71.3600006103516
"Korea, Rep.",2021,72.1800003051758
Kosovo,2012,69.5800018310547
Kosovo,2013,73.0199966430664
Kosovo,2014,70.2200012207031
Kosovo,2015,63.189998626709
Kosovo,2016,65.129997253418
Kosovo,2017,71.5500030517578
Kosovo,2018,79.9599990844727
Kosovo,2019,77.0199966430664
Kosovo,2020,71.3600006103516
Kuwait,2016,72.7300033569336
Kyrgyz Republic,2011,80.0100021362305
Kyrgyz Republic,2012,80.1600036621094
Kyrgyz Republic,2013,75.7399978637695
Kyrgyz Republic,2014,76.6100006103516
Kyrgyz Republic,2015,76.2699966430664
Kyrgyz Republic,2016,76.0699996948242
Kyrgyz Republic,2017,76.5899963378906
Kyrgyz Republic,2018,73.6600036621094
Lao PDR,2010,93.1399993896484
Lao PDR,2017,77.9400024414063
Latin America & Caribbean,2002,83.5444087912509
Latin America & Caribbean,2003,83.4197189673345
Latin America & Caribbean,2004,82.7476654323354
Latin America & Caribbean,2005,83.2030728316547
Latin America & Caribbean,2006,83.7287629302006
Latin America & Caribbean,2007,82.7666138637437
Latin America & Caribbean,2008,82.4980912260735
Latin America & Caribbean,2009,82.6679704143728
Latin America & Caribbean,2011,81.8887982689628
Latin America & Caribbean,2012,81.5105121376728
Latin America & Caribbean,2013,81.9416514603901
Latin America & Caribbean,2014,81.959127986998
Latin America & Caribbean,2015,81.8642850701686
Latin America & Caribbean,2016,81.2312270908436
Latin America & Caribbean,2017,81.0250724767337
Latin America & Caribbean,2018,81.1213896609309
Latin America & Caribbean,2019,81.16418344345
Latin America & Caribbean,2020,77.6727398315923
Latin America & Caribbean,2021,79.1389948240731
Latin America & Caribbean (excluding high income),2002,83.5878497004555
Latin America & Caribbean (excluding high income),2003,83.3378283382852
Latin America & Caribbean (excluding high income),2004,82.7796893882982
Latin America & Caribbean (excluding high income),2005,83.818563257137
Latin America & Caribbean (excluding high income),2006,84.3193004623645
Latin America & Caribbean (excluding high income),2007,83.4617406337581
Latin America & Caribbean (excluding high income),2008,83.209242058835
Latin America & Caribbean (excluding high income),2009,83.3196080776607
Latin America & Caribbean (excluding high income),2011,82.4529039618925
Latin America & Caribbean (excluding high income),2012,82.0045969243472
Latin America & Caribbean (excluding high income),2013,81.8716541446159
Latin America & Caribbean (excluding high income),2014,81.9337770686208
Latin America & Caribbean (excluding high income),2015,81.9087549453323
Latin America & Caribbean (excluding high income),2016,81.8777080768246
Latin America & Caribbean (excluding high income),2017,81.300029031523
Latin America & Caribbean (excluding high income),2018,81.0385140423875
Latin America & Caribbean (excluding high income),2019,81.0559131783701
Latin America & Caribbean (excluding high income),2020,77.5220452535448
Latin America & Caribbean (excluding high income),2021,79.0174518355774
Latin America & the Caribbean (IDA & IBRD countries),2002,83.5444087912509
Latin America & the Caribbean (IDA & IBRD countries),2003,83.4197189673345
Latin America & the Caribbean (IDA & IBRD countries),2004,82.7476654323354
Latin America & the Caribbean (IDA & IBRD countries),2005,83.2030728316547
Latin America & the Caribbean (IDA & IBRD countries),2006,83.7287629302006
Latin America & the Caribbean (IDA & IBRD countries),2007,82.7666138637437
Latin America & the Caribbean (IDA & IBRD countries),2008,82.4980912260735
Latin America & the Caribbean (IDA & IBRD countries),2009,82.5889755860252
Latin America & the Caribbean (IDA & IBRD countries),2011,81.8887982689628
Latin America & the Caribbean (IDA & IBRD countries),2012,81.5105121376728
Latin America & the Caribbean (IDA & IBRD countries),2013,81.9416514603901
Latin America & the Caribbean (IDA & IBRD countries),2014,81.959127986998
Latin America & the Caribbean (IDA & IBRD countries),2015,81.9764614459233
Latin America & the Caribbean (IDA & IBRD countries),2016,81.2308548648454
Latin America & the Caribbean (IDA & IBRD countries),2017,81.0244280900557
Latin America & the Caribbean (IDA & IBRD countries),2018,81.1216762620543
Latin America & the Caribbean (IDA & IBRD countries),2019,81.1648364917129
Latin America & the Caribbean (IDA & IBRD countries),2020,77.6727398315923
Latin America & the Caribbean (IDA & IBRD countries),2021,79.1389948240731
Latvia,2000,79.870002746582
Latvia,2001,79.5199966430664
Latvia,2002,79.4800033569336
Latvia,2003,79.0599975585938
Latvia,2004,83.3499984741211
Latvia,2005,81.7600021362305
Latvia,2006,83.9100036621094
Latvia,2007,85.2300033569336
Latvia,2008,85.8600006103516
Latvia,2009,84.2200012207031
Latvia,2010,83.0800018310547
Latvia,2011,83.8300018310547
Latvia,2012,85.5
Latvia,2013,83.6900024414063
Latvia,2014,82.2799987792969
Latvia,2015,83.2200012207031
Latvia,2016,84.25
Latvia,2017,84.1100006103516
Latvia,2018,85.5400009155273
Latvia,2019,85.6100006103516
Latvia,2020,83.8600006103516
Latvia,2021,77.7099990844727
Lebanon,2019,60.7900009155273
Lesotho,2019,88.5100021362305
Liberia,2010,78.6600036621094
Liberia,2014,93.5999984741211
Liberia,2016,92.6900024414063
Liberia,2017,74.8499984741211
Lithuania,2000,82.6500015258789
Lithuania,2001,87.4899978637695
Lithuania,2002,84.4800033569336
Lithuania,2003,86.5
Lithuania,2004,84.9800033569336
Lithuania,2005,85.8399963378906
Lithuania,2006,82.4800033569336
Lithuania,2007,82.0
Lithuania,2008,82.2799987792969
Lithuania,2009,82.9899978637695
Lithuania,2010,84.0800018310547
Lithuania,2011,83.9599990844727
Lithuania,2012,83.2600021362305
Lithuania,2013,83.5699996948242
Lithuania,2014,82.5299987792969
Lithuania,2015,82.4400024414063
Lithuania,2016,83.370002746582
Lithuania,2017,82.8499984741211
Lithuania,2018,83.0899963378906
Lithuania,2019,83.3399963378906
Lithuania,2020,82.7799987792969
Lithuania,2021,81.3899993896484
Lower middle income,2010,70.109354262195
Lower middle income,2012,70.6881625033303
Lower middle income,2018,66.767694922062
Lower middle income,2019,68.6951054233237
Luxembourg,2000,78.2099990844727
Luxembourg,2001,81.7200012207031
Luxembourg,2002,80.9700012207031
Luxembourg,2003,80.25
Luxembourg,2004,81.6500015258789
Luxembourg,2005,80.7300033569336
Luxembourg,2006,78.5199966430664
Luxembourg,2007,78.9599990844727
Luxembourg,2008,78.1399993896484
Luxembourg,2009,80.0899963378906
Luxembourg,2010,80.5100021362305
Luxembourg,2011,79.3099975585938
Luxembourg,2012,79.4100036621094
Luxembourg,2013,78.870002746582
Luxembourg,2014,79.5500030517578
Luxembourg,2015,79.1800003051758
Luxembourg,2016,78.8199996948242
Luxembourg,2017,80.9300003051758
Luxembourg,2018,79.7399978637695
Luxembourg,2019,79.8499984741211
Luxembourg,2020,79.5500030517578
Luxembourg,2021,79.7799987792969
"Macao SAR, China",2009,91.8199996948242
"Macao SAR, China",2010,91.1600036621094
"Macao SAR, China",2011,90.8000030517578
"Macao SAR, China",2012,91.379997253418
"Macao SAR, China",2013,91.1800003051758
"Macao SAR, China",2014,74.0899963378906
"Macao SAR, China",2015,91.75
"Macao SAR, China",2016,90.7900009155273
Madagascar,2001,71.75
Madagascar,2012,79.0299987792969
Madagascar,2015,69.2399978637695
Malawi,2005,87.5
Malawi,2011,75.9700012207031
Malawi,2013,90.2600021362305
Malawi,2017,71.2300033569336
Malawi,2020,66.0999984741211
Malaysia,2011,65.6600036621094
Malaysia,2012,66.0
Malaysia,2013,67.3099975585938
Malaysia,2014,68.25
Malaysia,2015,69.3300018310547
Malaysia,2016,69.25
Malaysia,2017,69.6399993896484
Malaysia,2018,70.4599990844727
Malaysia,2019,71.7399978637695
Malaysia,2020,76.620002746582
Maldives,2009,41.6199989318848
Maldives,2014,94.0299987792969
Maldives,2016,81.9199981689453
Maldives,2019,92.3199996948242
Mali,2013,81.4000015258789
Mali,2014,65.8099975585938
Mali,2015,76.5
Mali,2016,79.4899978637695
Mali,2017,79.7200012207031
Mali,2018,81.7200012207031
Mali,2020,67.7300033569336
Malta,2000,85.7099990844727
Malta,2001,83.75
Malta,2002,82.0500030517578
Malta,2003,81.8899993896484
Malta,2004,83.620002746582
Malta,2005,80.3899993896484
Malta,2006,76.2099990844727
Malta,2007,80.3399963378906
Malta,2008,79.3399963378906
Malta,2009,77.4300003051758
Malta,2010,76.8399963378906
Malta,2011,81.0599975585938
Malta,2012,81.9400024414063
Malta,2013,83.25
Malta,2014,83.5800018310547
Malta,2015,83.1900024414063
Malta,2016,82.8899993896484
Malta,2017,84.3600006103516
Malta,2018,85.5999984741211
Malta,2019,84.9300003051758
Malta,2020,86.6600036621094
Malta,2021,87.1600036621094
Marshall Islands,2019,77.4300003051758
Mauritania,2012,70.2600021362305
Mauritania,2017,75.8199996948242
Mauritania,2019,70.6699981689453
Mauritius,2001,66.3099975585938
Mauritius,2002,65.9800033569336
Mauritius,2003,68.8000030517578
Mauritius,2004,65.4499969482422
Mauritius,2005,66.129997253418
Mauritius,2006,64.6900024414063
Mauritius,2007,62.8499984741211
Mauritius,2008,61.0099983215332
Mauritius,2009,61.9799995422363
Mauritius,2010,64.4800033569336
Mauritius,2012,69.6699981689453
Mauritius,2013,71.6399993896484
Mauritius,2014,73.0
Mauritius,2015,73.3300018310547
Mauritius,2016,74.3399963378906
Mauritius,2017,74.879997253418
Mauritius,2018,74.7300033569336
Mauritius,2019,73.6600036621094
Mauritius,2020,90.5999984741211
Mexico,2002,80.5999984741211
Mexico,2003,81.2699966430664
Mexico,2004,80.9499969482422
Mexico,2005,82.9400024414063
Mexico,2006,83.7200012207031
Mexico,2007,83.370002746582
Mexico,2008,83.1600036621094
Mexico,2009,82.3000030517578
Mexico,2010,81.2200012207031
Mexico,2011,80.8399963378906
Mexico,2012,80.870002746582
Mexico,2013,80.5899963378906
Mexico,2014,79.8399963378906
Mexico,2015,79.0100021362305
Mexico,2016,79.120002746582
Mexico,2017,78.2600021362305
Mexico,2018,77.5599975585938
Mexico,2019,77.5500030517578
Mexico,2020,73.4300003051758
Mexico,2021,76.25
"Micronesia, Fed. Sts.",2014,82.0100021362305
Moldova,2000,76.25
Moldova,2001,76.3499984741211
Moldova,2002,76.25
Moldova,2003,74.9000015258789
Moldova,2004,74.8399963378906
Moldova,2005,74.4599990844727
Moldova,2006,72.1399993896484
Moldova,2007,73.2300033569336
Moldova,2008,72.120002746582
Moldova,2009,70.5400009155273
Moldova,2010,70.8000030517578
Moldova,2011,70.0999984741211
Moldova,2012,70.2600021362305
Moldova,2013,69.7600021362305
Moldova,2014,71.2300033569336
Moldova,2015,71.7799987792969
Moldova,2016,71.75
Moldova,2017,69.0999984741211
Moldova,2018,68.6699981689453
Moldova,2019,71.9800033569336
Moldova,2020,70.6999969482422
Moldova,2021,71.6500015258789
Monaco,2016,57.9799995422363
Mongolia,2008,73.0400009155273
Mongolia,2009,78.1500015258789
Mongolia,2010,75.6900024414063
Mongolia,2011,76.0299987792969
Mongolia,2012,73.6699981689453
Mongolia,2013,71.9400024414063
Mongolia,2014,73.5100021362305
Mongolia,2015,71.8399963378906
Mongolia,2016,69.6900024414063
Mongolia,2017,70.0100021362305
Mongolia,2018,67.3300018310547
Mongolia,2019,69.4599990844727
Mongolia,2020,69.5199966430664
Mongolia,2021,66.5699996948242
Montenegro,2011,75.3600006103516
Montenegro,2012,77.0
Montenegro,2013,78.6100006103516
Montenegro,2014,78.3499984741211
Montenegro,2015,79.0400009155273
Montenegro,2016,78.5199966430664
Montenegro,2017,78.4199981689453
Montenegro,2018,79.6600036621094
Montenegro,2019,79.7200012207031
Montenegro,2020,77.620002746582
Mozambique,2015,76.3099975585938
Myanmar,2015,69.9899978637695
Myanmar,2017,66.5299987792969
Myanmar,2018,66.9599990844727
Myanmar,2019,66.4599990844727
Myanmar,2020,69.629997253418
Namibia,2010,82.9199981689453
Namibia,2012,87.7399978637695
Namibia,2013,86.5899963378906
Namibia,2014,85.7200012207031
Namibia,2016,74.7699966430664
Namibia,2018,79.0100021362305
Nauru,2013,78.1100006103516
Nepal,2008,73.0599975585938
Nepal,2017,67.6699981689453
Netherlands,2000,82.5500030517578
Netherlands,2001,83.5299987792969
Netherlands,2002,83.620002746582
Netherlands,2003,82.8399963378906
Netherlands,2004,82.4800033569336
Netherlands,2005,82.0400009155273
Netherlands,2006,79.5500030517578
Netherlands,2007,79.9300003051758
Netherlands,2008,80.0500030517578
Netherlands,2009,79.5800018310547
Netherlands,2010,79.75
Netherlands,2011,79.8199996948242
Netherlands,2012,80.2200012207031
Netherlands,2013,81.0500030517578
Netherlands,2014,80.8499984741211
Netherlands,2015,80.7200012207031
Netherlands,2016,80.1600036621094
Netherlands,2017,80.2200012207031
Netherlands,2018,80.7099990844727
Netherlands,2019,80.4700012207031
Netherlands,2020,80.4899978637695
Netherlands,2021,79.379997253418
New Zealand,2013,69.7600021362305
New Zealand,2014,82.4499969482422
New Zealand,2015,83.2799987792969
New Zealand,2016,83.5699996948242
New Zealand,2017,84.2399978637695
New Zealand,2018,83.6399993896484
New Zealand,2019,83.7600021362305
New Zealand,2020,83.4199981689453
Nicaragua,2001,83.5
Nicaragua,2005,87.9199981689453
Nicaragua,2012,89.9700012207031
Nicaragua,2014,85.6399993896484
Niger,2011,64.9199981689453
Niger,2014,68.8499984741211
Niger,2017,69.5800018310547
Nigeria,2016,74.3099975585938
Nigeria,2019,73.5999984741211
North America,2000,79.2348844325205
North America,2001,78.827596080328
North America,2002,78.5013188958459
North America,2003,78.1841174848593
North America,2004,77.9477042020677
North America,2005,77.930342760056
North America,2006,77.7831322733042
North America,2007,77.7300033569336
North America,2008,77.7204779015248
North America,2009,77.3704359727684
North America,2010,76.5808902201458
North America,2011,76.083617570691
North America,2012,75.6846658780246
North America,2013,75.1115364645683
North America,2014,74.5036349238096
North America,2015,74.0495626925973
North America,2016,73.7561304256844
North America,2017,73.4479932449847
North America,2018,73.3331307612767
North America,2019,73.3011936227972
North America,2020,71.7662819846567
North America,2021,71.6514598883891
North Macedonia,2005,79.9100036621094
North Macedonia,2006,66.0500030517578
North Macedonia,2007,80.2799987792969
North Macedonia,2008,80.6800003051758
North Macedonia,2009,81.3300018310547
North Macedonia,2010,78.629997253418
North Macedonia,2011,81.0500030517578
North Macedonia,2012,79.5100021362305
North Macedonia,2013,79.4899978637695
North Macedonia,2014,79.2600021362305
North Macedonia,2015,80.4499969482422
North Macedonia,2016,81.2699966430664
North Macedonia,2017,81.4899978637695
North Macedonia,2018,81.2399978637695
North Macedonia,2019,81.0899963378906
North Macedonia,2020,81.0999984741211
North Macedonia,2021,80.2200012207031
Norway,2000,86.4400024414063
Norway,2001,85.9499969482422
Norway,2002,86.1999969482422
Norway,2003,85.9300003051758
Norway,2004,86.9499969482422
Norway,2005,86.0500030517578
Norway,2006,86.2900009155273
Norway,2007,87.2900009155273
Norway,2008,87.5500030517578
Norway,2009,86.9800033569336
Norway,2010,86.5299987792969
Norway,2011,85.8499984741211
Norway,2012,85.4899978637695
Norway,2013,84.8199996948242
Norway,2014,85.2300033569336
Norway,2015,85.0100021362305
Norway,2016,84.4100036621094
Norway,2017,83.5
Norway,2018,83.1900024414063
Norway,2019,83.6699981689453
Norway,2020,83.7300033569336
Norway,2021,83.5500030517578
OECD members,2000,80.4007747049499
OECD members,2001,80.0054182763709
OECD members,2002,79.6285461809645
OECD members,2003,80.2223972547955
OECD members,2004,79.8739974839342
OECD members,2005,79.6137128604025
OECD members,2006,78.7705897185195
OECD members,2007,78.4371380740371
OECD members,2008,78.2003513161772
OECD members,2009,78.2053977561089
OECD members,2010,77.8078708962852
OECD members,2011,77.7936115176089
OECD members,2012,77.6941602748956
OECD members,2013,77.4445224466709
OECD members,2014,77.2048089224722
OECD members,2015,77.1345932632034
OECD members,2016,77.0557121386134
OECD members,2017,76.8897925553529
OECD members,2018,76.6688967567397
OECD members,2019,76.8019551417156
OECD members,2020,74.7864049669292
OECD members,2021,74.8457526958997
Oman,2017,70.4400024414063
Oman,2018,67.8499984741211
Oman,2021,77.1699981689453
Pakistan,2006,63.4300003051758
Pakistan,2007,62.7400016784668
Pakistan,2008,64.6999969482422
Pakistan,2009,62.6100006103516
Pakistan,2010,61.4099998474121
Pakistan,2011,61.3800010681152
Pakistan,2013,64.3499984741211
Pakistan,2014,61.6199989318848
Pakistan,2015,69.0100021362305
Pakistan,2018,61.2000007629395
Pakistan,2019,64.6699981689453
Pakistan,2021,67.4700012207031
Palau,2000,76.6699981689453
Palau,2014,82.129997253418
Panama,2003,77.3099975585938
Panama,2008,77.9800033569336
Panama,2010,83.9400024414063
Panama,2011,83.5800018310547
Panama,2012,83.5599975585938
Panama,2013,83.1800003051758
Panama,2014,82.4100036621094
Panama,2015,84.2600021362305
Panama,2016,82.129997253418
Panama,2017,82.2799987792969
Panama,2018,83.4700012207031
Panama,2019,84.9300003051758
Panama,2020,80.5400009155273
Panama,2021,79.379997253418
Papua New Guinea,2010,70.3099975585938
Paraguay,2001,91.7399978637695
Paraguay,2002,84.6100006103516
Paraguay,2003,87.3000030517578
Paraguay,2004,87.870002746582
Paraguay,2005,89.0599975585938
Paraguay,2006,87.6699981689453
Paraguay,2007,87.5299987792969
Paraguay,2008,89.7900009155273
Paraguay,2009,85.9499969482422
Paraguay,2010,85.8499984741211
Paraguay,2011,88.0100021362305
Paraguay,2012,87.7200012207031
Paraguay,2013,88.6999969482422
Paraguay,2014,85.0899963378906
Paraguay,2015,86.9400024414063
Paraguay,2016,85.9599990844727
Paraguay,2017,86.7799987792969
Peru,2002,84.379997253418
Peru,2003,82.370002746582
Peru,2004,84.2200012207031
Peru,2005,81.120002746582
Peru,2006,83.8899993896484
Peru,2007,87.7399978637695
Peru,2008,86.5199966430664
Peru,2009,86.7900009155273
Peru,2010,86.9000015258789
Peru,2011,87.1399993896484
Peru,2012,87.8199996948242
Peru,2013,87.0400009155273
Peru,2014,86.9300003051758
Peru,2015,85.8600006103516
Peru,2016,86.629997253418
Peru,2017,86.0100021362305
Peru,2018,87.1900024414063
Peru,2019,85.8199996948242
Peru,2020,78.3399963378906
Peru,2021,82.5500030517578
Philippines,2009,64.8199996948242
Philippines,2010,65.0500030517578
Philippines,2011,65.129997253418
Philippines,2012,64.0400009155273
Philippines,2014,63.4900016784668
Philippines,2015,63.1599998474121
Philippines,2016,63.2999992370605
Philippines,2017,60.4099998474121
Philippines,2018,64.0199966430664
Poland,2000,83.2200012207031
Poland,2001,82.2900009155273
Poland,2002,81.8600006103516
Poland,2003,81.9599990844727
Poland,2004,80.7200012207031
Poland,2005,82.0500030517578
Poland,2006,79.75
Poland,2007,79.75
Poland,2008,80.0899963378906
Poland,2009,80.9700012207031
Poland,2010,80.4300003051758
Poland,2011,80.0699996948242
Poland,2012,80.0299987792969
Poland,2013,80.2099990844727
Poland,2014,80.379997253418
Poland,2015,80.5500030517578
Poland,2016,80.5500030517578
Poland,2017,80.3099975585938
Poland,2018,80.5500030517578
Poland,2019,80.4499969482422
Poland,2020,80.0100021362305
Poland,2021,81.129997253418
Portugal,2000,89.629997253418
Portugal,2001,88.6900024414063
Portugal,2002,88.9300003051758
Portugal,2003,89.0800018310547
Portugal,2004,88.2900009155273
Portugal,2005,88.0999984741211
Portugal,2006,84.6999969482422
Portugal,2007,85.4899978637695
Portugal,2008,85.8600006103516
Portugal,2009,84.5599975585938
Portugal,2010,83.6999969482422
Portugal,2011,82.7200012207031
Portugal,2012,81.9899978637695
Portugal,2013,81.0899963378906
Portugal,2014,81.8899993896484
Portugal,2015,82.3499984741211
Portugal,2016,82.9499969482422
Portugal,2017,82.3000030517578
Portugal,2018,83.4300003051758
Portugal,2019,83.7600021362305
Portugal,2020,81.8499984741211
Portugal,2021,83.0
Post-demographic dividend,2000,80.0194543003703
Post-demographic dividend,2001,79.7443950281494
Post-demographic dividend,2002,79.1724189284304
Post-demographic dividend,2003,79.6899979561693
Post-demographic dividend,2004,79.6287234238097
Post-demographic dividend,2005,79.0701973664422
Post-demographic dividend,2006,78.0648945093834
Post-demographic dividend,2007,78.0100609856558
Post-demographic dividend,2008,77.7063552730387
Post-demographic dividend,2009,77.7921897398558
Post-demographic dividend,2010,77.3479221614129
Post-demographic dividend,2011,77.1080666641704
Post-demographic dividend,2012,76.9554252842681
Post-demographic dividend,2013,76.6355029990026
Post-demographic dividend,2014,76.2546773413227
Post-demographic dividend,2015,76.2502975647622
Post-demographic dividend,2016,76.2061040982671
Post-demographic dividend,2017,76.0922524976147
Post-demographic dividend,2018,76.0112306560455
Post-demographic dividend,2019,75.9736970986019
Post-demographic dividend,2020,74.3167116837483
Post-demographic dividend,2021,73.8080710503139
Puerto Rico,2015,58.9900016784668
Qatar,2013,84.4400024414063
Qatar,2014,100.0
Qatar,2015,83.3099975585938
Qatar,2017,84.4300003051758
Qatar,2019,85.1399993896484
Qatar,2020,88.0199966430664
Romania,2000,81.2099990844727
Romania,2001,80.1100006103516
Romania,2002,79.5199966430664
Romania,2003,78.4100036621094
Romania,2004,82.8000030517578
Romania,2005,82.3199996948242
Romania,2006,82.3099975585938
Romania,2007,81.5999984741211
Romania,2008,81.2300033569336
Romania,2009,81.3000030517578
Romania,2010,80.7399978637695
Romania,2011,80.5800018310547
Romania,2012,80.370002746582
Romania,2013,80.5299987792969
Romania,2014,80.3399963378906
Romania,2015,81.9499969482422
Romania,2016,81.6699981689453
Romania,2017,82.7399978637695
Romania,2018,82.620002746582
Romania,2019,82.5599975585938
Romania,2020,82.1500015258789
Romania,2021,81.8399963378906
Russian Federation,2010,68.8600006103516
Russian Federation,2011,69.3399963378906
Russian Federation,2012,69.2799987792969
Russian Federation,2013,69.5400009155273
Russian Federation,2014,70.6500015258789
Russian Federation,2015,70.7699966430664
Russian Federation,2016,71.3300018310547
Russian Federation,2017,66.6399993896484
Russian Federation,2018,66.9400024414063
Russian Federation,2019,67.0699996948242
Russian Federation,2020,66.7300033569336
Russian Federation,2021,67.0199966430664
Rwanda,2014,93.1699981689453
Rwanda,2017,70.9899978637695
Rwanda,2018,72.3199996948242
Rwanda,2019,70.7300033569336
Rwanda,2020,77.8399963378906
Rwanda,2021,74.1699981689453
Samoa,2012,67.1100006103516
Samoa,2017,78.1800003051758
San Marino,2016,60.8600006103516
Saudi Arabia,2017,76.0100021362305
Saudi Arabia,2018,77.1600036621094
Saudi Arabia,2019,74.8099975585938
Saudi Arabia,2020,75.4300003051758
Senegal,2011,56.3199996948242
Senegal,2015,67.7900009155273
Senegal,2016,62.9700012207031
Senegal,2017,56.2200012207031
Senegal,2018,75.5
Senegal,2019,51.4599990844727
Serbia,2008,68.6100006103516
Serbia,2009,65.3099975585938
Serbia,2010,64.5999984741211
Serbia,2011,63.3300018310547
Serbia,2012,62.1300010681152
Serbia,2013,63.3800010681152
Serbia,2014,69.0100021362305
Serbia,2015,69.6100006103516
Serbia,2016,70.2900009155273
Serbia,2017,71.9400024414063
Serbia,2018,72.4899978637695
Serbia,2019,71.75
Serbia,2020,70.3600006103516
Serbia,2021,73.7300033569336
Seychelles,2014,88.1100006103516
Seychelles,2015,88.6900024414063
Seychelles,2016,87.6999969482422
Seychelles,2017,87.3300018310547
Seychelles,2018,86.6500015258789
Seychelles,2019,84.8600006103516
Seychelles,2020,84.25
Sierra Leone,2014,69.9800033569336
Sierra Leone,2018,73.4700012207031
Singapore,2009,87.9499969482422
Singapore,2010,88.6500015258789
Singapore,2014,88.9000015258789
Singapore,2021,86.2399978637695
Slovak Republic,2000,84.7200012207031
Slovak Republic,2001,85.5999984741211
Slovak Republic,2002,85.1999969482422
Slovak Republic,2003,83.6699981689453
Slovak Republic,2004,80.9100036621094
Slovak Republic,2005,81.2099990844727
Slovak Republic,2011,75.9400024414063
Slovak Republic,2012,75.0500030517578
Slovak Republic,2013,74.6999969482422
Slovak Republic,2014,74.2099990844727
Slovak Republic,2015,74.120002746582
Slovak Republic,2016,74.3499984741211
Slovak Republic,2017,74.0699996948242
Slovak Republic,2018,73.7099990844727
Slovak Republic,2019,74.75
Slovak Republic,2020,74.5800018310547
Slovak Republic,2021,78.5
Slovenia,2000,77.9700012207031
Slovenia,2001,78.2099990844727
Slovenia,2002,79.25
Slovenia,2003,79.629997253418
Slovenia,2004,79.9100036621094
Slovenia,2005,79.4499969482422
Slovenia,2006,80.370002746582
Slovenia,2007,81.379997253418
Slovenia,2008,80.4199981689453
Slovenia,2009,80.1800003051758
Slovenia,2010,80.0999984741211
Slovenia,2011,80.25
Slovenia,2012,78.5899963378906
Slovenia,2013,77.2799987792969
Slovenia,2014,76.9499969482422
Slovenia,2015,76.9000015258789
Slovenia,2016,77.9700012207031
Slovenia,2017,79.6999969482422
Slovenia,2018,79.8199996948242
Slovenia,2019,80.2399978637695
Slovenia,2020,79.9800033569336
Slovenia,2021,79.3099975585938
Solomon Islands,2013,94.6600036621094
Somalia,2019,63.2599983215332
South Africa,2000,83.0800018310547
South Africa,2001,85.0899963378906
South Africa,2002,85.9499969482422
South Africa,2003,85.9000015258789
South Africa,2004,83.9800033569336
South Africa,2005,82.4300003051758
South Africa,2006,83.4899978637695
South Africa,2007,84.3099975585938
South Africa,2008,86.9100036621094
South Africa,2009,86.2200012207031
South Africa,2010,84.7799987792969
South Africa,2011,84.629997253418
South Africa,2013,85.0
South Africa,2014,84.4700012207031
South Africa,2015,84.0100021362305
South Africa,2016,83.4300003051758
South Africa,2017,84.4000015258789
South Africa,2018,83.4499969482422
South Africa,2019,82.7300033569336
South Africa,2020,79.2900009155273
South Africa,2021,80.75
South Asia,2000,69.2099990844727
South Asia,2005,67.620002746582
South Asia,2010,65.3983930232643
South Asia,2012,64.0565710891908
South Asia,2018,61.0799133358605
South Asia,2019,62.2251899518172
South Asia (IDA & IBRD),2000,69.2099990844727
South Asia (IDA & IBRD),2005,67.620002746582
South Asia (IDA & IBRD),2010,65.3983930232643
South Asia (IDA & IBRD),2012,64.0565710891908
South Asia (IDA & IBRD),2018,61.0799133358605
South Asia (IDA & IBRD),2019,62.2251899518172
Spain,2000,81.8300018310547
Spain,2001,80.8099975585938
Spain,2002,82.4000015258789
Spain,2003,83.0699996948242
Spain,2004,84.0199966430664
Spain,2005,83.7900009155273
Spain,2006,82.6600036621094
Spain,2007,82.870002746582
Spain,2008,82.7900009155273
Spain,2009,82.8099975585938
Spain,2010,82.3499984741211
Spain,2011,82.2699966430664
Spain,2012,82.8399963378906
Spain,2013,82.1100006103516
Spain,2014,81.6600036621094
Spain,2015,81.4300003051758
Spain,2016,80.9800033569336
Spain,2017,80.5899963378906
Spain,2018,80.2600021362305
Spain,2019,79.8300018310547
Spain,2020,78.6900024414063
Spain,2021,78.7399978637695
Sri Lanka,2010,82.9199981689453
Sri Lanka,2011,82.8000030517578
Sri Lanka,2012,63.8600006103516
Sri Lanka,2013,82.75
Sri Lanka,2014,81.9499969482422
Sri Lanka,2015,84.120002746582
Sri Lanka,2016,84.7300033569336
Sri Lanka,2017,84.0999984741211
Sri Lanka,2018,83.2799987792969
Sri Lanka,2019,84.5
St. Lucia,2017,77.9599990844727
St. Lucia,2018,82.8399963378906
St. Lucia,2019,81.4499969482422
St. Lucia,2020,78.3399963378906
St. Lucia,2021,79.9800033569336
Sudan,2011,63.6699981689453
Suriname,2014,74.629997253418
Suriname,2016,81.6399993896484
Sweden,2000,80.7200012207031
Sweden,2001,82.1900024414063
Sweden,2002,82.6600036621094
Sweden,2003,83.7200012207031
Sweden,2004,83.3300018310547
Sweden,2005,84.0800018310547
Sweden,2006,83.3099975585938
Sweden,2007,83.8300018310547
Sweden,2008,84.1100006103516
Sweden,2009,83.8000030517578
Sweden,2010,83.2099990844727
Sweden,2011,82.6800003051758
Sweden,2012,82.9700012207031
Sweden,2013,83.25
Sweden,2014,83.2799987792969
Sweden,2015,83.3899993896484
Sweden,2016,83.5400009155273
Sweden,2017,83.5800018310547
Sweden,2018,83.5699996948242
Sweden,2019,83.9499969482422
Sweden,2020,83.5299987792969
Sweden,2021,77.9199981689453
Switzerland,2000,83.3300018310547
Switzerland,2001,84.7200012207031
Switzerland,2002,83.870002746582
Switzerland,2003,83.9100036621094
Switzerland,2004,83.5100021362305
Switzerland,2005,83.8099975585938
Switzerland,2006,83.5800018310547
Switzerland,2007,83.120002746582
Switzerland,2008,83.120002746582
Switzerland,2009,83.0699996948242
Switzerland,2010,81.0
Switzerland,2011,81.2799987792969
Switzerland,2012,81.620002746582
Switzerland,2013,81.3000030517578
Switzerland,2014,80.6900024414063
Switzerland,2015,80.5699996948242
Switzerland,2016,80.9899978637695
Switzerland,2017,81.0400009155273
Switzerland,2018,81.3600006103516
Switzerland,2019,81.6900024414063
Switzerland,2020,81.2699966430664
Switzerland,2021,80.5500030517578
Tajikistan,2003,78.0999984741211
Tajikistan,2007,76.0
Tajikistan,2009,72.7799987792969
Tajikistan,2016,65.7699966430664
Tanzania,2001,100.0
Tanzania,2006,96.3600006103516
Tanzania,2010,95.5100021362305
Tanzania,2011,79.4400024414063
Tanzania,2012,92.4899978637695
Tanzania,2013,65.75
Tanzania,2014,94.3300018310547
Tanzania,2020,29.6299991607666
Thailand,2000,91.7799987792969
Thailand,2007,83.4400024414063
Thailand,2010,87.7600021362305
Thailand,2011,87.6600036621094
Thailand,2012,87.75
Thailand,2013,85.6900024414063
Thailand,2014,85.6900024414063
Thailand,2015,85.1699981689453
Thailand,2016,84.2300033569336
Thailand,2017,83.9100036621094
Thailand,2018,83.8099975585938
Thailand,2019,82.8000030517578
Thailand,2020,81.5699996948242
Thailand,2021,81.120002746582
Timor-Leste,2010,58.8499984741211
Timor-Leste,2013,68.7300033569336
Timor-Leste,2016,70.8300018310547
Togo,2006,65.5899963378906
Togo,2011,64.4800033569336
Togo,2015,65.8600006103516
Togo,2017,78.2900009155273
Tonga,2018,70.3499984741211
Trinidad and Tobago,2010,71.9499969482422
Trinidad and Tobago,2011,70.5100021362305
Trinidad and Tobago,2012,71.7300033569336
Trinidad and Tobago,2013,72.5
Trinidad and Tobago,2014,73.0699996948242
Trinidad and Tobago,2015,71.4300003051758
Trinidad and Tobago,2016,71.3899993896484
Trinidad and Tobago,2020,71.0800018310547
Trinidad and Tobago,2021,66.6900024414063
Tunisia,2005,63.4900016784668
Tunisia,2006,64.5999984741211
Tunisia,2007,64.75
Tunisia,2008,65.4700012207031
Tunisia,2009,67.2799987792969
Tunisia,2010,67.4300003051758
Tunisia,2011,69.8000030517578
Tunisia,2012,63.5699996948242
Tunisia,2013,63.4900016784668
Tunisia,2014,55.1800003051758
Tunisia,2015,67.2300033569336
Tunisia,2016,66.0899963378906
Tunisia,2017,66.5800018310547
Turkiye,2004,78.8899993896484
Turkiye,2005,77.879997253418
Turkiye,2006,75.9700012207031
Turkiye,2007,76.25
Turkiye,2008,76.5299987792969
Turkiye,2009,76.8499984741211
Turkiye,2010,77.7600021362305
Turkiye,2011,78.3899993896484
Turkiye,2012,78.1100006103516
Turkiye,2013,79.1900024414063
Turkiye,2014,79.0699996948242
Turkiye,2015,79.5999984741211
Turkiye,2016,79.5500030517578
Turkiye,2017,80.0299987792969
Turkiye,2018,79.3199996948242
Turkiye,2019,79.1900024414063
Turkiye,2020,74.9100036621094
Turkiye,2021,76.5
Tuvalu,2016,87.3300018310547
Uganda,2012,90.2799987792969
Uganda,2013,93.9400024414063
Uganda,2017,90.8600006103516
Ukraine,2014,73.129997253418
Ukraine,2015,73.5400009155273
Ukraine,2016,72.5100021362305
Ukraine,2017,72.1500015258789
Ukraine,2018,72.9300003051758
Ukraine,2019,67.6900024414063
Ukraine,2020,66.5500030517578
Ukraine,2021,66.5100021362305
United Arab Emirates,2017,81.4000015258789
United Arab Emirates,2018,80.2399978637695
United Kingdom,2000,89.7200012207031
United Kingdom,2001,89.8600006103516
United Kingdom,2002,89.75
United Kingdom,2003,89.7799987792969
United Kingdom,2004,89.629997253418
United Kingdom,2005,89.879997253418
United Kingdom,2006,89.9700012207031
United Kingdom,2007,89.6699981689453
United Kingdom,2008,85.2399978637695
United Kingdom,2009,85.0100021362305
United Kingdom,2010,84.8600006103516
United Kingdom,2011,85.0199966430664
United Kingdom,2012,83.6800003051758
United Kingdom,2013,84.0699996948242
United Kingdom,2014,83.6900024414063
United Kingdom,2015,83.7600021362305
United Kingdom,2016,83.7699966430664
United Kingdom,2017,83.8199996948242
United Kingdom,2018,83.9400024414063
United Kingdom,2019,84.5100021362305
United States,2000,79.3099975585938
United States,2001,78.870002746582
United States,2002,78.4899978637695
United States,2003,78.0899963378906
United States,2004,77.870002746582
United States,2005,77.9000015258789
United States,2006,77.7799987792969
United States,2007,77.7300033569336
United States,2008,77.7300033569336
United States,2009,77.3300018310547
United States,2010,76.5100021362305
United States,2011,76.0100021362305
United States,2012,75.5899963378906
United States,2013,74.9700012207031
United States,2014,74.3499984741211
United States,2015,73.8399963378906
United States,2016,73.5599975585938
United States,2017,73.25
United States,2018,73.1699981689453
United States,2019,73.129997253418
United States,2020,71.6399993896484
United States,2021,71.379997253418
Uruguay,2000,75.0400009155273
Uruguay,2001,79.879997253418
Uruguay,2002,78.8000030517578
Uruguay,2003,78.8000030517578
Uruguay,2004,78.4599990844727
Uruguay,2005,79.3899993896484
Uruguay,2006,80.8499984741211
Uruguay,2007,82.4800033569336
Uruguay,2008,82.4800033569336
Uruguay,2009,81.7200012207031
Uruguay,2010,81.6699981689453
Uruguay,2011,83.9899978637695
Uruguay,2012,83.0
Uruguay,2013,82.7699966430664
Uruguay,2014,83.9300003051758
Uruguay,2015,82.8000030517578
Uruguay,2016,83.1600036621094
Uruguay,2017,83.2600021362305
Uruguay,2018,83.0500030517578
Uruguay,2019,82.3899993896484
Uzbekistan,2020,72.6900024414063
Vanuatu,2006,83.629997253418
Vanuatu,2010,80.5599975585938
Vanuatu,2019,79.8399963378906
"Venezuela, RB",2005,72.8300018310547
"Venezuela, RB",2006,73.1699981689453
"Venezuela, RB",2007,71.8199996948242
"Venezuela, RB",2008,70.7399978637695
"Venezuela, RB",2009,70.5899963378906
"Venezuela, RB",2010,70.879997253418
"Venezuela, RB",2011,70.2799987792969
"Venezuela, RB",2012,70.120002746582
"Venezuela, RB",2016,69.0800018310547
"Venezuela, RB",2017,74.1399993896484
Vietnam,2010,86.6699981689453
Vietnam,2011,86.75
Vietnam,2012,87.120002746582
Vietnam,2013,87.2699966430664
Vietnam,2014,87.7799987792969
Vietnam,2015,87.7399978637695
Vietnam,2016,87.5299987792969
Vietnam,2017,87.6399993896484
Vietnam,2018,87.6500015258789
Vietnam,2019,87.7200012207031
Vietnam,2020,88.120002746582
Vietnam,2021,85.2799987792969
West Bank and Gaza,2000,81.7300033569336
West Bank and Gaza,2001,79.4899978637695
West Bank and Gaza,2002,77.9800033569336
West Bank and Gaza,2003,80.3000030517578
West Bank and Gaza,2004,79.2699966430664
West Bank and Gaza,2005,79.9000015258789
West Bank and Gaza,2006,77.1399993896484
West Bank and Gaza,2007,78.379997253418
West Bank and Gaza,2008,77.0899963378906
West Bank and Gaza,2009,77.6600036621094
West Bank and Gaza,2010,77.3899993896484
West Bank and Gaza,2011,76.4800033569336
West Bank and Gaza,2012,75.1800003051758
West Bank and Gaza,2013,75.0999984741211
West Bank and Gaza,2014,72.8099975585938
West Bank and Gaza,2015,77.1500015258789
West Bank and Gaza,2016,76.9700012207031
West Bank and Gaza,2017,77.2399978637695
West Bank and Gaza,2018,74.0800018310547
West Bank and Gaza,2019,74.0699996948242
West Bank and Gaza,2020,68.9000015258789
West Bank and Gaza,2021,71.7799987792969
"Yemen, Rep.",2010,89.6900024414063
"Yemen, Rep.",2014,85.3600006103516
Zambia,2017,75.9000015258789
Zambia,2018,78.9100036621094
Zambia,2019,77.129997253418
Zambia,2020,78.3099975585938
Zimbabwe,2011,91.4499969482422
Zimbabwe,2014,94.0299987792969
Zimbabwe,2019,69.7300033569336
