Country,Year,Real interest rate (%)
Afghanistan,2006,10.0468971069496
Afghanistan,2007,-3.58511110954092
Afghanistan,2008,12.5579601455576
Afghanistan,2009,17.5429289290522
Afghanistan,2010,11.3640937400601
Afghanistan,2011,-1.24150600219686
Afghanistan,2012,7.17438724378046
Afghanistan,2013,9.78449593802674
Afghanistan,2014,14.3516893399556
Afghanistan,2015,12.2525481623247
Afghanistan,2016,17.5839381607368
Afghanistan,2017,12.1411782947912
Albania,2000,15.5754116055596
Albania,2001,15.2617073910542
Albania,2002,11.2464777871879
Albania,2003,8.62387425855812
Albania,2004,8.34605448112112
Albania,2005,9.4555054819425
Albania,2006,10.2087615799994
Albania,2007,9.30474143806301
Albania,2008,8.55052487389148
Albania,2009,10.0007474139424
Albania,2010,7.97103659621924
Albania,2011,9.88846223555399
Albania,2012,9.73611207346728
Albania,2013,9.51039749125922
Albania,2014,6.32455753333484
Albania,2015,7.27249242163997
Albania,2016,7.41372325944537
Albania,2017,4.70072680745347
Albania,2018,4.39470533423615
Albania,2019,4.95695478571497
Albania,2020,5.40567035480991
Albania,2021,0.0884117892613063
Algeria,2000,-10.3343779992203
Algeria,2001,10.0208408175868
Algeria,2002,7.16825386373231
Algeria,2003,-0.189912529665528
Algeria,2004,-3.78416173855616
Algeria,2005,-6.99705136617554
Algeria,2006,-2.30373605408832
Algeria,2007,1.5082077754335
Algeria,2008,-6.33990475361731
Algeria,2009,21.569072360521
Algeria,2010,-6.99275080378334
Algeria,2011,-8.65109042904068
Algeria,2012,0.504068361760924
Algeria,2013,8.1008628376916
Algeria,2014,8.32560557620658
Algeria,2015,15.4532587760191
Algeria,2016,6.35272335490907
Algeria,2017,1.5126754242203
Algeria,2018,1.16400344079826
Algeria,2019,8.50784373734826
Algeria,2020,14.2959799677903
Algeria,2021,-6.68477787571787
Angola,2000,-60.7813270387995
Angola,2001,-5.03293321688833
Angola,2002,-33.5534010972108
Angola,2003,1.12848545105309
Angola,2004,36.6376310182372
Angola,2005,17.800888578278
Angola,2006,2.04511437899832
Angola,2007,12.83731631715
Angola,2008,-5.72372430776723
Angola,2009,38.9777135532961
Angola,2010,-6.94413460977478
Angola,2011,-9.87814512128374
Angola,2012,8.76259485211296
Angola,2013,12.6058526338601
Angola,2014,12.3777859689274
Angola,2015,21.139895235142
Angola,2016,-4.92195464321266
Angola,2017,-5.55533416421707
Angola,2018,-5.84395604159954
Angola,2019,0.0932099035319251
Angola,2020,1.26444213838652
Angola,2021,-10.6388168103798
Antigua and Barbuda,2000,10.4558431566968
Antigua and Barbuda,2001,9.99362771137099
Antigua and Barbuda,2002,10.6116383233639
Antigua and Barbuda,2003,13.8062707699227
Antigua and Barbuda,2004,10.2668142637818
Antigua and Barbuda,2005,6.63621147031828
Antigua and Barbuda,2006,10.4403515213545
Antigua and Barbuda,2007,6.46306558772329
Antigua and Barbuda,2008,5.79459179057404
Antigua and Barbuda,2009,8.08000916287343
Antigua and Barbuda,2010,9.3876761408781
Antigua and Barbuda,2011,9.79953139854016
Antigua and Barbuda,2012,7.95945311994109
Antigua and Barbuda,2013,11.0030464701126
Antigua and Barbuda,2014,8.0072745506121
Antigua and Barbuda,2015,6.61788471463213
Antigua and Barbuda,2016,7.5596847898227
Antigua and Barbuda,2017,10.3359724772332
Antigua and Barbuda,2018,6.47145424287028
Antigua and Barbuda,2019,8.38580317149492
Antigua and Barbuda,2020,5.83699667646201
Antigua and Barbuda,2021,5.3030852421409
Argentina,2010,-8.56602872006595
Argentina,2011,-7.77340523607891
Argentina,2012,-6.74819555440488
Argentina,2013,-5.48583918237899
Argentina,2014,-11.6006987702161
Argentina,2015,-1.31470878459509
Argentina,2016,-7.00603984304116
Argentina,2017,0.455892832330463
Argentina,2018,4.56440909873515
Argentina,2019,12.1039696489828
Argentina,2020,-7.63108287070969
Argentina,2021,-12.0621392648759
Armenia,2000,33.3984630599644
Armenia,2001,21.7821520799662
Armenia,2002,18.347069280194
Armenia,2003,15.5169875894729
Armenia,2004,11.6248159998918
Armenia,2005,14.3161459394903
Armenia,2006,11.3814924574335
Armenia,2007,12.6947444611314
Armenia,2008,10.4349146525184
Armenia,2009,15.8708814402684
Armenia,2010,10.6076357898925
Armenia,2011,12.9197578932998
Armenia,2012,11.2811932906832
Armenia,2013,12.2168430436348
Armenia,2014,13.7812486601176
Armenia,2015,16.1800096730379
Armenia,2016,17.0423595080455
Armenia,2017,11.9973399575166
Armenia,2018,9.73397739946579
Armenia,2019,10.9595785635957
Armenia,2020,9.63911033939826
Armenia,2021,4.58062816586857
Aruba,2000,10.9268022161988
Aruba,2001,15.8732150965808
Aruba,2002,6.5616266959082
Aruba,2003,7.4436009598491
Aruba,2004,6.59693654738304
Aruba,2005,5.65140675648298
Aruba,2006,5.81220501905943
Aruba,2007,4.98494317887425
Aruba,2008,5.98090699034845
Aruba,2009,8.84545006574638
Aruba,2010,11.658484092447
Aruba,2011,4.79578773803402
Aruba,2012,8.21727796856164
Aruba,2013,10.6993243243243
Aruba,2014,4.85160128102481
Aruba,2015,4.358079175325
Aruba,2016,8.40653990156212
Aruba,2017,8.19771800178289
Aruba,2018,7.7387238341576
Aruba,2019,1.10674730711265
Aruba,2020,12.2287174295971
Australia,2000,5.02755833808444
Australia,2001,2.12323281670292
Australia,2002,3.42113612507575
Australia,2003,3.5395119497838
Australia,2004,3.69338122916918
Australia,2005,3.30748287248728
Australia,2006,2.37365405597107
Australia,2007,3.06162664565315
Australia,2008,4.10220246233949
Australia,2009,0.972890556030529
Australia,2010,6.05127720498848
Australia,2011,1.41773891823153
Australia,2012,5.0905495215932
Australia,2013,6.34251991175594
Australia,2014,4.46059618837334
Australia,2015,6.20622193472807
Australia,2016,6.06270092255693
Australia,2017,1.44803743397173
Australia,2018,3.3700362625426
Australia,2019,1.64730609155243
Azerbaijan,2000,6.36757302509518
Azerbaijan,2001,16.7690790545171
Azerbaijan,2002,12.6244058764035
Azerbaijan,2003,7.94230043681975
Azerbaijan,2004,5.92029158128701
Azerbaijan,2005,2.00903640930593
Azerbaijan,2006,5.89581519410153
Azerbaijan,2007,-1.56862426696238
Azerbaijan,2008,-6.27259265102829
Azerbaijan,2009,47.9010578481619
Azerbaijan,2010,6.30070170030242
Azerbaijan,2011,-2.88597938752249
Azerbaijan,2012,15.0296068894244
Azerbaijan,2013,17.6862204009871
Azerbaijan,2014,19.3916777101463
Azerbaijan,2015,28.9454418522707
Azerbaijan,2016,1.48583383570765
Azerbaijan,2017,0.318577982868449
Azerbaijan,2018,4.691769977505
Azerbaijan,2019,17.5649086189187
Azerbaijan,2020,26.5368212837468
Azerbaijan,2021,-3.90482418433783
"Bahamas, The",2000,5.03169398360115
"Bahamas, The",2001,5.62610249135384
"Bahamas, The",2002,1.96154476709747
"Bahamas, The",2003,4.79021881721189
"Bahamas, The",2004,4.74864128945689
"Bahamas, The",2005,0.461484356018553
"Bahamas, The",2006,4.63369878556424
"Bahamas, The",2007,2.47959586069409
"Bahamas, The",2008,3.95270109562627
"Bahamas, The",2009,6.60441151928487
"Bahamas, The",2010,5.91550048070293
"Bahamas, The",2011,5.97260932490227
"Bahamas, The",2012,1.43580032378823
"Bahamas, The",2013,3.26981245370623
"Bahamas, The",2014,0.830597823616353
"Bahamas, The",2015,-0.322377749717439
"Bahamas, The",2016,4.09116100410452
"Bahamas, The",2017,2.88313113514878
"Bahamas, The",2018,2.84484732844517
"Bahamas, The",2019,2.70808214135325
"Bahamas, The",2020,8.01642450108648
"Bahamas, The",2021,2.59114548411955
Bahrain,2000,-14.1458564333436
Bahrain,2001,14.545594665075
Bahrain,2002,4.82736149404246
Bahrain,2003,-0.283027354056363
Bahrain,2004,-2.7810932210335
Bahrain,2005,-5.19902924913246
Bahrain,2006,-0.796745563030568
Bahrain,2007,-0.156120281991427
Bahrain,2008,-2.821019813817
Bahrain,2009,24.061967721618
Bahrain,2010,-0.180215875919306
Bahrain,2011,-2.68453373074554
Bahrain,2012,2.93184586033418
Bahrain,2013,5.52961851204117
Bahrain,2014,7.66732842513014
Bahrain,2015,15.8862914503003
Bangladesh,2000,8.99820323770434
Bangladesh,2001,9.25695571842855
Bangladesh,2002,8.38969935744544
Bangladesh,2003,5.88445428042499
Bangladesh,2004,5.58235561080853
Bangladesh,2005,5.76426912165618
Bangladesh,2006,5.46699380380084
Bangladesh,2007,5.7891114389711
Bangladesh,2008,4.66174257154357
Bangladesh,2009,6.14653832677037
Bangladesh,2010,4.73612357210297
Bangladesh,2011,5.06419768371485
Bangladesh,2012,5.34333265720871
Bangladesh,2013,5.98869390805347
Bangladesh,2014,6.88586627486413
Bangladesh,2015,5.51264431652152
Bangladesh,2016,-13.6421356403402
Bangladesh,2017,4.27653989369391
Bangladesh,2018,3.63430365848223
Bangladesh,2019,5.6895529720442
Bangladesh,2020,4.28919749796143
Bangladesh,2021,3.07621509663175
Barbados,2000,11.6646436233662
Barbados,2001,7.1663157659184
Barbados,2002,7.52383812960125
Barbados,2003,7.30263970881219
Barbados,2004,2.36722397218736
Barbados,2005,2.34273499304089
Barbados,2006,5.99041817570681
Barbados,2007,2.0158600560768
Barbados,2008,8.17068439885692
Barbados,2009,11.1402680282279
Barbados,2010,4.62329794073267
Barbados,2011,4.99100795984662
Barbados,2012,9.34724802098625
Barbados,2013,5.58862724367982
Barbados,2014,7.84843629788376
Barbados,2015,10.0658543280844
Barbados,2016,8.30838781178112
Barbados,2017,5.30134102694198
Barbados,2018,4.51292852106772
Barbados,2019,3.30828590793385
Barbados,2020,6.74876365196417
Barbados,2021,4.01597161373787
Belarus,2000,-41.2295490194762
Belarus,2001,-18.1401862688928
Belarus,2002,-5.52846907004783
Belarus,2003,-5.13471706389011
Belarus,2004,-4.70086273609388
Belarus,2005,-6.39967134213386
Belarus,2006,-1.72187161489496
Belarus,2007,-3.80756569797442
Belarus,2008,-10.4472953859825
Belarus,2009,2.21157583465924
Belarus,2010,-1.86341919225978
Belarus,2011,-33.5969466292931
Belarus,2012,-31.8270993969285
Belarus,2013,-1.7516160714714
Belarus,2014,0.538935443768887
Belarus,2015,1.77624138938043
Belarus,2016,5.59163351980418
Belarus,2017,0.953355741211775
Belarus,2018,-3.07064409440835
Belarus,2019,0.365104131101659
Belarus,2020,-2.56941850742434
Belarus,2021,-2.59434669204673
Belize,2000,14.5296116523712
Belize,2001,16.3743162785321
Belize,2002,13.8529721043291
Belize,2003,18.7547915287889
Belize,2004,11.3673921331757
Belize,2005,11.0143713509337
Belize,2006,10.4177053907232
Belize,2007,10.0709742895805
Belize,2008,10.260587794272
Belize,2009,16.8431525683818
Belize,2010,11.4669849815122
Belize,2011,8.20227694636275
Belize,2012,11.6551475780563
Belize,2013,9.35327808923555
Belize,2014,9.49990699678574
Belize,2015,10.2953262330852
Belize,2016,7.62807004643632
Belize,2017,6.31271603496597
Belize,2018,8.93706136590452
Belize,2019,9.18953868672508
Belize,2020,9.39375928116839
Belize,2021,4.31247639629684
Benin,2005,3.59609815466937
Benin,2006,2.5881456183227
Benin,2007,4.3445629753372
Benin,2008,-1.36233108364526
Benin,2009,2.37742857428905
Benin,2010,4.19549019095698
Benin,2011,1.46803081679031
Benin,2012,-2.46960852040217
Benin,2013,3.83659295370063
Benin,2014,5.5999917955037
Benin,2015,4.26633438639015
Benin,2016,4.58009973405583
Benin,2017,7.3290211343054
Benin,2018,6.05231396720484
Benin,2019,7.11417048688278
Benin,2020,3.55682486298969
Benin,2021,7.88244238119669
Bhutan,2000,8.05755754595259
Bhutan,2001,9.96157227305643
Bhutan,2002,10.2172605840531
Bhutan,2003,11.7607497151611
Bhutan,2004,10.891529942088
Bhutan,2005,8.11803515911804
Bhutan,2006,8.13901573143215
Bhutan,2007,10.7296644567872
Bhutan,2008,7.90793215258482
Bhutan,2009,8.58536923127558
Bhutan,2010,7.61646393135749
Bhutan,2011,5.05915192771409
Bhutan,2012,4.41479520402849
Bhutan,2013,7.71480955493276
Bhutan,2014,6.64419679566139
Bhutan,2015,10.9492914093935
Bhutan,2016,9.35645672842586
Bhutan,2017,8.70090456808108
Bhutan,2018,12.0290387343012
Bhutan,2019,12.9842110113491
Bhutan,2020,6.32017034768827
Bhutan,2021,8.87911723609927
Bolivia,2000,27.9483957185946
Bolivia,2001,17.8530979126692
Bolivia,2002,17.3230579080153
Bolivia,2003,10.658607712596
Bolivia,2004,6.02233191168513
Bolivia,2005,10.075668935121
Bolivia,2006,-1.55933382958247
Bolivia,2007,5.110629662656
Bolivia,2008,3.16372004257628
Bolivia,2009,15.1460374289772
Bolivia,2010,1.04104152848921
Bolivia,2011,-3.21717814892891
Bolivia,2012,3.7671913920337
Bolivia,2013,4.77002914125702
Bolivia,2014,7.49119854684652
Bolivia,2015,13.3088030350118
Bolivia,2016,9.43472490521656
Bolivia,2017,1.93142092448395
Bolivia,2018,4.8332593604001
Bolivia,2019,9.15598643187736
Bolivia,2020,9.6250968126387
Bolivia,2021,3.89561014512531
Bosnia and Herzegovina,2002,7.32132479822521
Bosnia and Herzegovina,2003,9.32753985352751
Bosnia and Herzegovina,2004,7.94786451701257
Bosnia and Herzegovina,2005,3.22395325661375
Bosnia and Herzegovina,2006,0.198551998196067
Bosnia and Herzegovina,2007,0.918034767192961
Bosnia and Herzegovina,2008,-0.33261916821177
Bosnia and Herzegovina,2009,7.73269191530258
Bosnia and Herzegovina,2010,6.39214698970012
Bosnia and Herzegovina,2011,4.8804211518629
Bosnia and Herzegovina,2012,6.48156475456032
Bosnia and Herzegovina,2013,7.27647830344402
Bosnia and Herzegovina,2014,5.58529958954557
Bosnia and Herzegovina,2015,4.36356276459313
Bosnia and Herzegovina,2016,3.77804917271448
Bosnia and Herzegovina,2017,2.63846192967038
Bosnia and Herzegovina,2018,1.01476922245617
Bosnia and Herzegovina,2019,0.639267046525083
Bosnia and Herzegovina,2020,2.89078262196752
Bosnia and Herzegovina,2021,-1.59929046609535
Botswana,2000,1.14582515486305
Botswana,2001,6.86638448260603
Botswana,2002,14.8447010114666
Botswana,2003,12.726159332595
Botswana,2004,5.15195655915487
Botswana,2005,0.230180587501436
Botswana,2006,10.7498451349398
Botswana,2007,9.60660136551935
Botswana,2008,6.55459216778827
Botswana,2009,-1.17567655612691
Botswana,2010,3.50591061310511
Botswana,2011,-1.46761902810706
Botswana,2012,7.75460206016061
Botswana,2013,8.52647640000744
Botswana,2014,-0.549018865244388
Botswana,2015,4.06831176578049
Botswana,2016,-4.11735207878166
Botswana,2017,9.7828137544838
Botswana,2018,6.44089818554009
Botswana,2019,6.0486738159286
Botswana,2020,1.33987227833513
Botswana,2021,2.65724659518778
Brazil,2000,48.5047281998625
Brazil,2001,45.6378187103224
Brazil,2002,48.3404374454115
Brazil,2003,46.4473988425047
Brazil,2004,43.7791527165785
Brazil,2005,44.6351688638607
Brazil,2006,41.2403264526711
Brazil,2007,35.0225154695215
Brazil,2008,35.3667577965037
Brazil,2009,34.7920096326271
Brazil,2010,29.1158055214655
Brazil,2011,32.8334595068102
Brazil,2012,26.5820905307869
Brazil,2013,18.4988444166435
Brazil,2014,22.403672441435
Brazil,2015,33.832343966101
Brazil,2016,40.6983614489962
Brazil,2017,41.7138078720244
Brazil,2018,33.1023342480424
Brazil,2019,31.9030727508498
Brazil,2020,22.7329215448717
Brazil,2021,17.0305259851011
Brunei Darussalam,2000,-18.2270122953956
Brunei Darussalam,2001,11.7488836451894
Brunei Darussalam,2002,5.10668078537922
Brunei Darussalam,2003,-0.569825437592307
Brunei Darussalam,2004,-8.96238536172462
Brunei Darussalam,2005,-11.1701021290985
Brunei Darussalam,2006,-4.13249944166551
Brunei Darussalam,2007,4.33102543162265
Brunei Darussalam,2008,-6.38260335073912
Brunei Darussalam,2009,35.4151176012295
Brunei Darussalam,2010,-9.58818021268441
Brunei Darussalam,2011,-12.2153799939922
Brunei Darussalam,2012,4.22974924499965
Brunei Darussalam,2013,8.56290831494367
Brunei Darussalam,2014,7.48465830203156
Brunei Darussalam,2015,28.0538773175567
Brunei Darussalam,2016,16.1483169696267
Brunei Darussalam,2017,0.520524537514073
Brunei Darussalam,2018,-3.4038943060344
Brunei Darussalam,2019,9.14067984641226
Brunei Darussalam,2020,18.3581443058536
Brunei Darussalam,2021,-8.63105563736401
Bulgaria,2000,3.69017764230323
Bulgaria,2001,4.70518272387365
Bulgaria,2002,5.16085401930009
Bulgaria,2003,6.217823763301
Bulgaria,2004,3.11585405146535
Bulgaria,2005,1.93886997588983
Bulgaria,2006,2.0008625653234
Bulgaria,2007,-0.948808899248493
Bulgaria,2008,2.55123179914139
Bulgaria,2009,7.11672294260513
Bulgaria,2010,10.3014079883241
Bulgaria,2011,4.25629214173815
Bulgaria,2012,8.50745697999523
Bulgaria,2013,8.96499492994047
Bulgaria,2014,6.83032456491182
Bulgaria,2015,4.37321183091899
Bulgaria,2016,2.97219597189042
Bulgaria,2017,0.600389441754796
Bulgaria,2018,0.700910641057828
Bulgaria,2019,-0.653358495899236
Bulgaria,2020,0.0755557146409775
Bulgaria,2021,-2.81566596217958
Burkina Faso,2005,4.94407010067677
Burkina Faso,2006,5.43552158413382
Burkina Faso,2007,2.20437671811626
Burkina Faso,2008,-3.82524863007166
Burkina Faso,2009,2.51157897500392
Burkina Faso,2010,1.28514116887426
Burkina Faso,2011,-1.3885289905265
Burkina Faso,2012,-0.741639727368065
Burkina Faso,2013,7.57802019961703
Burkina Faso,2014,5.99591815146962
Burkina Faso,2015,7.54593907323847
Burkina Faso,2016,2.62240552190937
Burkina Faso,2017,5.02421161425245
Burkina Faso,2018,5.62891377347395
Burkina Faso,2019,4.99053769577041
Burkina Faso,2020,-0.278480468823242
Burkina Faso,2021,7.12479186859381
Burundi,2000,-16.6791975356856
Burundi,2001,2.73290368762483
Burundi,2002,18.2520363062058
Burundi,2003,5.61440230161237
Burundi,2004,4.51452118694419
Burundi,2005,-0.333712699963746
Burundi,2006,13.8331873120086
Burundi,2007,7.91511085222448
Burundi,2008,-6.19483253957242
Burundi,2009,3.27455750170274
Burundi,2010,3.5541539819574
Burundi,2011,4.49248695285009
Burundi,2012,0.0226856189418669
Burundi,2013,6.6643715965697
Burundi,2014,9.84057048451342
Burundi,2015,-4.93706084453044
Burundi,2016,13.1373077077255
Burundi,2017,3.00359677995969
Burundi,2018,18.1576757569898
Burundi,2019,13.5659023938111
Burundi,2020,5.87779867236684
Burundi,2021,2.6847704255265
Cabo Verde,2006,5.89105743300322
Cabo Verde,2007,1.65480979725522
Cabo Verde,2008,6.22243743470829
Cabo Verde,2009,8.61468710265611
Cabo Verde,2010,10.481870255391
Cabo Verde,2011,6.94842451744028
Cabo Verde,2012,9.29595653477438
Cabo Verde,2013,8.96365037076237
Cabo Verde,2014,11.056759191885
Cabo Verde,2015,8.52159876469482
Cabo Verde,2016,9.86118091502319
Cabo Verde,2017,8.74307113201543
Cabo Verde,2018,7.3372905405577
Cabo Verde,2019,8.52983285809956
Cabo Verde,2020,9.13535964531508
Cabo Verde,2021,5.16834699829349
Canada,2000,2.81345746384497
Canada,2001,4.08610585057191
Canada,2002,2.93294322270599
Canada,2003,1.38766286473215
Canada,2004,0.710526316374926
Canada,2005,1.2545998038229
Canada,2006,3.15742351868095
Canada,2007,2.73367501782669
Canada,2008,0.716869844115127
Canada,2009,4.81874522641691
Canada,2010,-0.238969292246743
Canada,2011,-0.227403087666516
Canada,2012,1.76667184987091
Canada,2013,1.24099043691368
Canada,2014,1.03526946611102
Canada,2015,3.68401595908269
Canada,2016,1.93140658409415
Canada,2017,0.131626933516484
Chile,2000,9.83487325107737
Chile,2001,7.30156423972337
Chile,2002,4.27461224669902
Chile,2003,1.80102821473996
Chile,2004,-1.77319533208462
Chile,2005,-0.413027483221684
Chile,2006,-3.87220104358338
Chile,2007,3.40902444709341
Chile,2008,12.910470199151
Chile,2009,3.54597211267265
Chile,2010,-3.76879580128201
Chile,2011,5.58745776542778
Chile,2012,9.22337834222408
Chile,2013,6.84632643680273
Chile,2014,2.12102531001641
Chile,2015,0.534100501734634
Chile,2016,0.982913247905584
Chile,2017,-0.262655305069793
Chile,2018,2.54731216179179
China,2000,3.71066408098753
China,2001,3.72666389004912
China,2002,4.67972434475131
China,2003,2.63814663570581
China,2004,-1.28281170473
China,2005,1.61327750287105
China,2006,2.11057772634847
China,2007,-0.259570586460041
China,2008,-2.30561534258917
China,2009,5.53112290880473
China,2010,-1.00240121416693
China,2011,-1.40242874656836
China,2012,3.58520352949476
China,2013,3.75538705530767
China,2014,4.5223084321364
China,2015,4.35307225212987
China,2016,2.90181538917637
China,2017,0.112553972982296
China,2018,0.821501872061325
China,2019,3.02438482048881
China,2020,3.8396815766402
China,2021,-0.020874317414915
Colombia,2000,-11.13795591854
Colombia,2001,13.3324808384727
Colombia,2002,9.77520490050366
Colombia,2003,7.82379797812032
Colombia,2004,7.27050966235802
Colombia,2005,9.36261382989136
Colombia,2006,6.69729597369365
Colombia,2007,9.67644438040688
Colombia,2008,8.82101697806755
Colombia,2009,8.59454735357298
Colombia,2010,5.37222402661314
Colombia,2011,4.5429648424224
Colombia,2012,8.65535095377715
Colombia,2013,8.90797441037794
Colombia,2014,8.44294935194349
Colombia,2015,8.78547373201402
Colombia,2016,9.03209505722643
Colombia,2017,8.13449112757923
Colombia,2018,7.15306948982847
Colombia,2019,7.46754725861942
Colombia,2020,8.38035737953247
Colombia,2021,2.6625114118377
Comoros,2000,17.2284160944343
Comoros,2001,3.10228896941749
Comoros,2002,7.51588248556845
Comoros,2003,6.39462200375769
Comoros,2004,7.36218094566545
Comoros,2005,10.6504754433318
Comoros,2006,7.16630934045214
Comoros,2007,6.7169660502541
Comoros,2008,7.13147593114977
Comoros,2009,9.42106333151304
Comoros,2010,8.67945345110222
Comoros,2011,7.23398648231259
Comoros,2012,5.97438246868747
Comoros,2013,8.59720640753865
Comoros,2014,9.58491678293437
Comoros,2015,11.0807969694683
Comoros,2016,8.63689163952244
Comoros,2017,10.0570269213592
Comoros,2018,8.50815066613836
Comoros,2019,6.03679877441353
Comoros,2020,7.37469560008337
Comoros,2021,7.81076914964434
"Congo, Dem. Rep.",2006,29.2173325376996
"Congo, Dem. Rep.",2007,22.2243516885822
"Congo, Dem. Rep.",2008,18.8343422659083
"Congo, Dem. Rep.",2009,24.6947702747909
"Congo, Dem. Rep.",2010,29.5828258200981
"Congo, Dem. Rep.",2011,26.3303502334725
"Congo, Dem. Rep.",2012,21.2447386340948
"Congo, Dem. Rep.",2013,16.1472335882844
"Congo, Dem. Rep.",2014,17.5247381603033
"Congo, Dem. Rep.",2015,20.7667503488006
"Congo, Dem. Rep.",2016,14.0840565292778
"Congo, Dem. Rep.",2017,-15.6902472393751
"Congo, Dem. Rep.",2018,-4.77125574987054
"Congo, Dem. Rep.",2019,19.6802003760225
"Congo, Dem. Rep.",2020,21.2286960414563
"Congo, Dem. Rep.",2021,7.22788278421257
Costa Rica,2000,14.1690224894758
Costa Rica,2001,12.8615666342028
Costa Rica,2002,15.147328561938
Costa Rica,2003,13.4978168217309
Costa Rica,2004,8.88855321172717
Costa Rica,2005,10.3018894836012
Costa Rica,2006,8.14628403357641
Costa Rica,2007,2.06443515924033
Costa Rica,2008,3.9522209592877
Costa Rica,2009,9.13571634155488
Costa Rica,2010,9.81159313269021
Costa Rica,2011,11.0452738948785
Costa Rica,2012,12.869664352569
Costa Rica,2013,10.1329957065898
Costa Rica,2014,8.18791760563077
Costa Rica,2015,9.88706328691094
Costa Rica,2016,9.49388346148549
Costa Rica,2017,8.26983032730686
Costa Rica,2018,8.73920721920776
Costa Rica,2019,6.02471556816459
Costa Rica,2020,6.47186914406142
Costa Rica,2021,3.41380142729904
Cote d'Ivoire,2005,5.76399144978214
Cote d'Ivoire,2006,3.33183089653346
Cote d'Ivoire,2007,1.61328995997049
Cote d'Ivoire,2008,-0.368943717025246
Cote d'Ivoire,2009,3.72473413572503
Cote d'Ivoire,2010,3.54338989658485
Cote d'Ivoire,2011,-0.428915662038452
Cote d'Ivoire,2012,5.46535041709907
Cote d'Ivoire,2013,2.34335749361308
Cote d'Ivoire,2014,0.891700760778791
Cote d'Ivoire,2015,0.361232954097341
Cote d'Ivoire,2016,7.54303821129377
Cote d'Ivoire,2017,7.1082224491436
Croatia,2000,7.31625416140341
Croatia,2001,5.05923631950988
Croatia,2002,8.60413250275184
Croatia,2003,6.93991609945509
Croatia,2004,7.80432994291404
Croatia,2005,7.78506151445294
Croatia,2006,5.78294096665755
Croatia,2007,4.8880257245411
Croatia,2008,4.32226067685153
Croatia,2009,8.32708069532927
Croatia,2010,9.361529621282
Croatia,2011,7.88479322448288
Croatia,2012,7.9533943814459
Croatia,2013,8.44262600840394
Croatia,2014,8.41646336212781
Czechia,2000,5.22388531883616
Czechia,2001,2.19958760314902
Czechia,2002,3.89373823728846
Czechia,2003,4.5970173515188
Czechia,2004,1.90146355970694
Czechia,2005,5.67633304403742
Czechia,2006,4.90746073898372
Czechia,2007,2.17113143442282
Czechia,2008,4.15855750474576
Czechia,2009,3.31631730728405
Czechia,2010,7.41888979983558
Czechia,2011,5.73958603657205
Czechia,2012,3.89922745397054
Czechia,2013,3.5566504980595
Czechia,2014,2.01442643165214
Czechia,2015,3.25792951109147
Czechia,2016,2.73458177446628
Czechia,2017,2.25334930605008
Czechia,2018,0.949658716637955
Czechia,2019,-0.195325158058853
Czechia,2020,-0.933771769719319
Czechia,2021,-0.125397085283852
Dominica,2000,13.7079061769941
Dominica,2001,8.87051202125674
Dominica,2002,10.102438376694
Dominica,2003,15.0906979879191
Dominica,2004,4.96130154067545
Dominica,2005,11.5334341538102
Dominica,2006,6.97032746049459
Dominica,2007,7.5281558013436
Dominica,2008,7.443393749996
Dominica,2009,1.86602514278496
Dominica,2010,9.13092814954586
Dominica,2011,7.03647059437893
Dominica,2012,11.2247026226429
Dominica,2013,5.31781401359213
Dominica,2014,9.30871939579845
Dominica,2015,1.68735670706153
Dominica,2016,4.41629131792897
Dominica,2017,11.5018013612138
Dominica,2018,4.95235654384996
Dominica,2019,2.92551509396417
Dominica,2020,8.12387413183747
Dominica,2021,3.17611962198038
Dominican Republic,2000,18.2742399974908
Dominican Republic,2001,17.184522380505
Dominican Republic,2002,17.8958206645937
Dominican Republic,2003,-1.55091420822536
Dominican Republic,2004,-8.63525201427491
Dominican Republic,2005,17.3262411862842
Dominican Republic,2006,12.0345137141633
Dominican Republic,2007,7.60974471103748
Dominican Republic,2008,8.65401435672139
Dominican Republic,2009,14.1429457947122
Dominican Republic,2010,6.34772067859711
Dominican Republic,2011,6.93058716155887
Dominican Republic,2012,9.88058813419776
Dominican Republic,2013,8.49970558368276
Dominican Republic,2014,9.18432964152428
Dominican Republic,2015,12.105545410125
Dominican Republic,2016,12.834607398428
Dominican Republic,2017,9.3381614162872
Dominican Republic,2018,8.0792258527232
Dominican Republic,2019,9.71576484075912
Dominican Republic,2020,5.97395752334564
Dominican Republic,2021,1.699015121649
"Egypt, Arab Rep.",2000,8.91960097866841
"Egypt, Arab Rep.",2001,11.2145133706975
"Egypt, Arab Rep.",2002,10.3000319462668
"Egypt, Arab Rep.",2003,6.32702594973302
"Egypt, Arab Rep.",2004,1.52690342961114
"Egypt, Arab Rep.",2005,6.52364098851194
"Egypt, Arab Rep.",2006,4.88079672103387
"Egypt, Arab Rep.",2007,-0.0776285941774989
"Egypt, Arab Rep.",2008,0.107853152288254
"Egypt, Arab Rep.",2009,0.710036320916629
"Egypt, Arab Rep.",2010,0.818721619255541
"Egypt, Arab Rep.",2011,-0.563878053132607
"Egypt, Arab Rep.",2012,-6.26271950433793
"Egypt, Arab Rep.",2013,3.29215715368624
"Egypt, Arab Rep.",2014,0.41412913803098
"Egypt, Arab Rep.",2015,1.5410684616485
"Egypt, Arab Rep.",2016,6.92201135268601
"Egypt, Arab Rep.",2017,-3.87005237390296
"Egypt, Arab Rep.",2018,-2.56086296780395
"Egypt, Arab Rep.",2019,2.19507369884346
"Egypt, Arab Rep.",2020,4.84408703489072
"Egypt, Arab Rep.",2021,4.39950457388681
Eswatini,2000,-9.04952569502809
Eswatini,2001,3.95380675507322
Eswatini,2002,5.81653208118175
Eswatini,2003,8.1311862819435
Eswatini,2004,7.14382094908601
Eswatini,2005,3.81784738439834
Eswatini,2006,6.84873619810016
Eswatini,2007,7.76310363397826
Eswatini,2008,3.9916090102185
Eswatini,2009,1.46221809853725
Eswatini,2010,6.34980997485794
Eswatini,2011,3.47353525261272
Eswatini,2012,0.0014956527642514
Eswatini,2013,1.84637791248418
Eswatini,2014,1.37966326400653
Eswatini,2015,3.31289951128123
Eswatini,2016,2.80508298809003
Eswatini,2017,8.07183944104642
Eswatini,2018,7.29594994698172
Eswatini,2019,7.53733356750185
Eswatini,2020,5.26381221163108
Eswatini,2021,8.22331395080879
Ethiopia,2000,1.3035686062476
Ethiopia,2001,17.63548320435
Ethiopia,2002,12.7439479024639
Ethiopia,2003,-5.11490798465178
Ethiopia,2004,2.97237710176469
Ethiopia,2005,-2.61706349411107
Ethiopia,2006,-4.08090892973127
Ethiopia,2007,-8.29255368266441
Ethiopia,2008,-17.121776241397
Fiji,2000,13.7671667883141
Fiji,2001,4.93889290541308
Fiji,2002,4.63466366292053
Fiji,2003,-0.0931103266438889
Fiji,2004,4.86842645405651
Fiji,2005,0.126377029737854
Fiji,2006,3.47307598853975
Fiji,2007,5.80554474941761
Fiji,2008,5.71579703642271
Fiji,2009,6.37407702274123
Fiji,2010,3.1275727442652
Fiji,2011,-1.75999518543958
Fiji,2012,3.30823157641273
Fiji,2013,2.39663949635745
Fiji,2014,-5.99464056019456
Fiji,2015,3.17797031648288
Fiji,2016,3.13543167777317
Fiji,2017,3.97454761798366
Fiji,2018,4.1918444283907
Fiji,2019,3.70095871525807
Fiji,2020,7.49211026086889
Fiji,2021,9.72414953809171
"Gambia, The",2000,21.3105658477455
"Gambia, The",2001,21.8009596150585
"Gambia, The",2002,12.3276471183113
"Gambia, The",2003,14.5618019700946
"Gambia, The",2004,-29.7080592355656
"Gambia, The",2005,29.5857607936759
"Gambia, The",2006,28.0808453037745
"Gambia, The",2007,22.5081465077466
"Gambia, The",2008,23.9316435246054
"Gambia, The",2009,21.5156286283877
"Gambia, The",2010,20.2146854118755
"Gambia, The",2011,22.4035581485361
"Gambia, The",2012,23.2604386536329
"Gambia, The",2013,20.830941492836
"Gambia, The",2014,22.1346787273183
"Gambia, The",2017,24.1318963090858
"Gambia, The",2018,19.6801204275511
"Gambia, The",2019,20.4680865814816
"Gambia, The",2020,25.2583956439869
"Gambia, The",2021,10.8051876104176
Georgia,2003,19.6577731527203
Georgia,2004,12.5934316942257
Georgia,2005,8.90730684427562
Georgia,2006,7.94037574326261
Georgia,2007,6.96291335402909
Georgia,2008,7.70884174329766
Georgia,2009,20.4389045062018
Georgia,2010,1.45008574391614
Georgia,2011,5.77747438999982
Georgia,2012,14.2777425155427
Georgia,2013,12.0859543223986
Georgia,2014,7.36603039891237
Georgia,2015,6.28853839047074
Georgia,2016,9.74631145193848
Georgia,2017,2.75998504629924
Georgia,2018,6.47586316883448
Georgia,2019,5.34640240504734
Georgia,2020,4.21277772339219
Georgia,2021,2.04654773259473
Grenada,2000,8.49301036776852
Grenada,2001,7.87371781001671
Grenada,2002,10.8965308423077
Grenada,2003,12.1346396745791
Grenada,2004,7.99137765738596
Grenada,2005,7.39131272579973
Grenada,2006,4.98861196232189
Grenada,2007,7.26792403678251
Grenada,2008,1.55891637090333
Grenada,2009,11.0040426570786
Grenada,2010,10.0471091839918
Grenada,2011,10.4379848922148
Grenada,2012,5.58026664941533
Grenada,2013,6.16708090411834
Grenada,2014,8.34520868644779
Grenada,2015,6.03762651699602
Grenada,2016,5.83739316204321
Grenada,2017,6.68511352359549
Grenada,2018,8.59984658119483
Grenada,2019,4.10525075680765
Grenada,2020,7.1551270073011
Grenada,2021,3.65319913540025
Guatemala,2000,13.1531750593886
Guatemala,2001,26.0278452141985
Guatemala,2002,9.76338136820484
Guatemala,2003,10.0574083332611
Guatemala,2004,7.34454924202275
Guatemala,2005,6.96981805724986
Guatemala,2006,7.41195297211511
Guatemala,2007,5.3412663024377
Guatemala,2008,3.64159234246356
Guatemala,2009,9.89283209859513
Guatemala,2010,7.80319865201804
Guatemala,2011,6.11382983166567
Guatemala,2012,9.77861845512881
Guatemala,2013,9.90635406784334
Guatemala,2014,10.6095553827158
Guatemala,2015,10.7558487120577
Guatemala,2016,10.1204942310362
Guatemala,2017,11.1120239240217
Guatemala,2018,11.5054168764032
Guatemala,2019,8.84549018768446
Guatemala,2020,9.5369663652831
Guatemala,2021,9.1830011101096
Guinea,2000,12.2999631168399
Guinea,2001,10.9310156875491
Guinea-Bissau,2005,4.31617486295075
Guinea-Bissau,2006,7.17237789470822
Guinea-Bissau,2007,0.355080129193041
Guinea-Bissau,2008,-6.66016992727587
Guinea-Bissau,2009,7.62304442132895
Guinea-Bissau,2010,2.08611950675699
Guinea-Bissau,2011,-7.6958137456129
Guinea-Bissau,2012,5.9402230091447
Guinea-Bissau,2013,6.27817143450471
Guinea-Bissau,2014,5.49473681740219
Guinea-Bissau,2015,-6.19776872358501
Guinea-Bissau,2016,-0.755350488159191
Guinea-Bissau,2017,-0.753829770394896
Guyana,2000,10.0534953418167
Guyana,2001,16.6319781955821
Guyana,2002,13.3564755150324
Guyana,2003,9.81042651108707
Guyana,2004,7.27362353382847
Guyana,2005,6.41851576086257
Guyana,2006,-58.3271742993337
Guyana,2007,5.91420681228494
Guyana,2008,4.58925923220444
Guyana,2009,13.2356719952726
Guyana,2010,10.1656425967412
Guyana,2011,11.7587764160364
Guyana,2012,8.72119167293919
Guyana,2013,14.1125517205931
Guyana,2014,15.2594933056174
Guyana,2015,9.54246649688728
Guyana,2016,11.9945950441659
Guyana,2017,10.6659190740517
Guyana,2018,16.3599896073805
Guyana,2019,7.30154280573485
Guyana,2020,48.520232079954
Guyana,2021,-11.0973639445571
Haiti,2000,-39.1298223703371
Haiti,2001,4.0633448058504
Haiti,2002,9.60985093396516
Haiti,2003,7.11890641499183
Haiti,2004,0.704969909422318
Haiti,2005,8.62185256752219
Haiti,2006,15.580665115024
Haiti,2007,12.7610646096365
Haiti,2008,7.35265275791132
Haiti,2009,5.65894975375533
Haiti,2010,9.39331785940299
Haiti,2011,6.98736420255494
Haiti,2012,0.671275931527155
Haiti,2013,0.597120820636305
Haiti,2014,7.19430241646915
Haiti,2015,8.63190524550924
Haiti,2016,-1.67375584583905
Haiti,2017,-1.10188346861879
Haiti,2018,5.42860437216743
Haiti,2019,-2.91699550439434
Haiti,2020,-4.93149108919236
Haiti,2021,-5.02292043246438
Honduras,2000,17.436909825413
Honduras,2001,14.5070191720073
Honduras,2002,16.7023341391041
Honduras,2003,14.2250659198217
Honduras,2004,12.6107713947498
Honduras,2005,10.7680920759953
Honduras,2006,11.4742824482469
Honduras,2007,9.35938603880539
Honduras,2008,9.41284412222124
Honduras,2009,10.9529575160613
Honduras,2010,13.5547928877014
Honduras,2011,9.97180699233074
Honduras,2012,14.3569629848232
Honduras,2013,18.4532824160286
Honduras,2014,12.8806218683924
Honduras,2015,12.8349768268253
Honduras,2016,15.0985365589809
Honduras,2017,14.1091275837915
Honduras,2018,15.5540781113514
Honduras,2019,12.6888395551292
Honduras,2020,11.8268993961629
Honduras,2021,11.7194619679956
"Hong Kong SAR, China",2000,13.1100786079909
"Hong Kong SAR, China",2001,8.77334637556269
"Hong Kong SAR, China",2002,8.80557899500285
"Hong Kong SAR, China",2003,11.7113076558403
"Hong Kong SAR, China",2004,8.93243615633144
"Hong Kong SAR, China",2005,6.36798924950104
"Hong Kong SAR, China",2006,8.49690735407323
"Hong Kong SAR, China",2007,4.29045418780479
"Hong Kong SAR, China",2008,3.98005517578197
"Hong Kong SAR, China",2009,5.39576688592752
"Hong Kong SAR, China",2010,4.71657995453466
"Hong Kong SAR, China",2011,1.06077287762051
"Hong Kong SAR, China",2012,1.40538512876484
"Hong Kong SAR, China",2013,3.13079047728987
"Hong Kong SAR, China",2014,2.09015708488319
"Hong Kong SAR, China",2015,1.3087973858379
"Hong Kong SAR, China",2016,3.30753519632378
"Hong Kong SAR, China",2017,2.06008885611897
"Hong Kong SAR, China",2018,1.33332660492379
"Hong Kong SAR, China",2019,2.99829172906105
"Hong Kong SAR, China",2020,4.33052413853805
"Hong Kong SAR, China",2021,4.1126699752795
Hungary,2000,2.75271332722973
Hungary,2001,0.963652218551899
Hungary,2002,1.92186301468325
Hungary,2003,3.95508063432619
Hungary,2004,7.35881292030977
Hungary,2005,5.7625309101503
Hungary,2006,4.2667084007773
Hungary,2007,3.45423298504749
Hungary,2008,5.12902119970972
Hungary,2009,6.5622447703391
Hungary,2010,4.92951131347553
Hungary,2011,6.27071635883203
Hungary,2012,5.93703845906845
Hungary,2013,3.38782575776228
Hungary,2014,0.727927850740095
Hungary,2015,0.123325582574453
Hungary,2016,0.758582251116954
Hungary,2017,-2.44984029178709
Hungary,2018,-3.2197571573387
Hungary,2019,-2.84363217198364
Hungary,2020,-4.1795231343893
Hungary,2021,-3.14026364481612
Iceland,2000,12.2809248145547
Iceland,2001,8.50591652279102
Iceland,2002,8.96792018463602
Iceland,2003,11.4020542510969
Iceland,2004,9.09827330820367
Iceland,2005,11.363285020982
Iceland,2006,8.55512700924078
Iceland,2007,14.3364494126248
Iceland,2008,7.14395432574383
Iceland,2009,7.38502029270726
Iceland,2010,3.6553690935997
Iceland,2011,4.463192564846
Iceland,2012,4.72101402970896
Iceland,2013,5.90173989477717
Iceland,2014,3.45764445652863
Iceland,2015,1.46667925783666
Iceland,2016,5.84368814136005
Iceland,2017,6.26018300940988
Iceland,2018,4.19915499002225
Iceland,2019,2.356501966024
Iceland,2020,2.07431850971903
Iceland,2021,-0.558945832984428
India,2000,8.34261083012153
India,2001,8.59144929618339
India,2002,7.90717719010452
India,2003,7.30788115953461
India,2004,4.91012830381202
India,2005,4.85514517245753
India,2006,2.57060670201817
India,2007,5.68184406332425
India,2008,3.77175624975725
India,2009,4.80859210832915
India,2010,-1.98385922230245
India,2011,1.31797970846414
India,2012,2.47352163539379
India,2013,3.8659928837741
India,2014,6.69517609038992
India,2015,7.55648841357951
India,2016,6.2327114148242
India,2017,5.32760886236755
India,2018,5.36166638955423
India,2019,6.91029345061226
India,2020,3.36084267990894
India,2021,-1.15315508689725
Indonesia,2000,-1.65421247091313
Indonesia,2001,3.71998595702973
Indonesia,2002,12.3224124961922
Indonesia,2003,10.8520711478648
Indonesia,2004,5.13441023123413
Indonesia,2005,-0.245735467014808
Indonesia,2006,1.65815142163524
Indonesia,2007,2.33967409088073
Indonesia,2008,-3.85224502633455
Indonesia,2009,5.74795209578427
Indonesia,2010,-1.74609753559597
Indonesia,2011,4.59437674883754
Indonesia,2012,7.75018856489028
Indonesia,2013,6.37493124212137
Indonesia,2014,6.79211858069728
Indonesia,2015,8.34991063469474
Indonesia,2016,9.22443234413206
Indonesia,2017,6.50156399609036
Indonesia,2018,6.47124983937941
Indonesia,2019,8.62940479031393
Indonesia,2020,10.024509605037
Indonesia,2021,2.74227055571115
"Iran, Islamic Rep.",2004,-6.46167586205936
"Iran, Islamic Rep.",2005,-3.46702474568265
"Iran, Islamic Rep.",2006,-0.508448114376455
"Iran, Islamic Rep.",2007,-8.89795418340111
"Iran, Islamic Rep.",2008,-6.21492024510513
"Iran, Islamic Rep.",2009,7.07608797972097
"Iran, Islamic Rep.",2010,-3.3504815238066
"Iran, Islamic Rep.",2011,-16.7975500895262
"Iran, Islamic Rep.",2012,-6.68652747407913
"Iran, Islamic Rep.",2013,-18.8451930586965
"Iran, Islamic Rep.",2014,3.86413888968712
"Iran, Islamic Rep.",2015,13.9854467563743
"Iran, Islamic Rep.",2016,7.86127268623941
Iraq,2002,6.32229277934037
Iraq,2003,1.00248620152098
Iraq,2004,-3.44781782670277
Iraq,2005,-16.5181357175646
Iraq,2006,-7.04600919384716
Iraq,2007,3.79313766401111
Iraq,2008,-8.4197228819977
Iraq,2009,44.3309717275955
Iraq,2010,-1.92209457308135
Iraq,2011,-8.46792182914735
Iraq,2012,10.9065508616124
Iraq,2013,13.588173817572
Iraq,2014,15.8985270212521
Iraq,2015,60.8767095545268
Iraq,2016,26.3997082773689
Israel,2013,2.56786003081063
Israel,2014,3.21671217258539
Israel,2015,1.115796421179
Israel,2016,3.05135479652902
Israel,2017,3.53237302246119
Israel,2018,2.67270295193935
Israel,2019,1.66648394864954
Israel,2020,2.24324355280973
Israel,2021,0.952189943362597
Italy,2000,5.13824588590486
Italy,2001,4.12890387539513
Italy,2002,3.15873855355089
Italy,2003,2.60067773160278
Italy,2004,2.76222646529531
Italy,2005,3.23826980965577
Italy,2006,3.42416671160356
Italy,2007,3.76243467546476
Italy,2008,4.33259382637626
Italy,2009,3.02700909877606
Italy,2010,3.57968579295654
Italy,2011,2.94466372553515
Italy,2012,3.61919864683014
Italy,2013,3.95121199746377
Italy,2014,3.91764782821879
Italy,2015,3.16786623371122
Italy,2016,2.33532587673561
Italy,2017,2.25808863862564
Italy,2018,1.59483303043837
Italy,2019,1.64891714021908
Italy,2020,0.702224379119561
Italy,2021,1.47925560620058
Jamaica,2000,11.5395515036715
Jamaica,2001,11.8731499248838
Jamaica,2002,8.63355883873942
Jamaica,2003,6.50631402756646
Jamaica,2004,4.67744636881316
Jamaica,2005,5.2858669261501
Jamaica,2006,8.07942404039826
Jamaica,2007,5.27905752771502
Jamaica,2008,2.8878167704987
Jamaica,2009,4.27696229240151
Jamaica,2010,9.69328443234426
Jamaica,2011,12.9618004384749
Jamaica,2012,10.3745623903729
Jamaica,2013,8.5786763223903
Jamaica,2014,9.62030481408586
Jamaica,2015,9.67712193324652
Jamaica,2016,11.2974247011353
Jamaica,2017,7.84173944096811
Jamaica,2018,8.66801756353355
Jamaica,2019,9.5131944649357
Jamaica,2020,8.21353328080987
Jamaica,2021,3.78479674069097
Japan,2000,3.44952133352934
Japan,2001,3.08779538469946
Japan,2002,3.30182293293883
Japan,2003,3.4858288403494
Japan,2004,2.92424060900672
Japan,2005,2.90562805999877
Japan,2006,2.54882304592612
Japan,2007,2.6068783891303
Japan,2008,2.84698138591967
Japan,2009,2.30603261085953
Japan,2010,3.54576191505387
Japan,2011,3.17448968701361
Japan,2012,2.18007652818581
Japan,2013,1.66402193295927
Japan,2014,-0.459381591769
Japan,2015,-0.948441229804994
Japan,2016,0.622192760437052
Japan,2017,1.06914440729004
Jordan,2000,12.2637927064525
Jordan,2001,10.083883243676
Jordan,2002,9.16988100899364
Jordan,2003,6.99911392342588
Jordan,2004,5.00662840918858
Jordan,2005,5.49003612974861
Jordan,2006,-2.23328570916827
Jordan,2007,3.4533895350694
Jordan,2008,-11.8076619066273
Jordan,2009,5.89858070666276
Jordan,2010,0.875955766745877
Jordan,2011,2.64640622682183
Jordan,2012,3.99019753832878
Jordan,2013,2.70046928162248
Jordan,2014,5.36000680113341
Jordan,2015,6.17297619889885
Jordan,2016,6.66225309582137
Jordan,2017,6.49396061702581
Jordan,2018,6.24663155202592
Jordan,2019,6.76379935186738
Jordan,2020,7.7375414020859
Jordan,2021,5.6746107154759
Kenya,2000,15.3274334465867
Kenya,2001,17.8125009681691
Kenya,2002,17.3581406445427
Kenya,2003,9.77051092711813
Kenya,2004,5.04525759665487
Kenya,2005,7.6099875458817
Kenya,2006,-8.00986697136364
Kenya,2007,4.8190907881851
Kenya,2008,-0.984996972294333
Kenya,2009,-10.0960035655484
Kenya,2010,12.526958492458
Kenya,2011,4.52618583226898
Kenya,2012,9.31351134458288
Kenya,2013,9.29394635969954
Kenya,2014,8.24907899217324
Kenya,2015,6.26880578270384
Kenya,2016,10.1181287134987
Kenya,2017,5.65674761585907
Kenya,2018,8.48796047494691
Kenya,2019,7.83110074767406
Kenya,2020,6.72922716608683
Kenya,2021,6.73823386027389
"Korea, Rep.",2000,7.44714269653078
"Korea, Rep.",2001,4.08764547324672
"Korea, Rep.",2002,3.62604404098715
"Korea, Rep.",2003,2.69373937175125
"Korea, Rep.",2004,2.69208129866867
"Korea, Rep.",2005,4.50501653231774
"Korea, Rep.",2006,6.22458862113753
"Korea, Rep.",2007,4.03485956347149
"Korea, Rep.",2008,4.2226851837321
"Korea, Rep.",2009,1.96945202608971
"Korea, Rep.",2010,2.70025055583747
"Korea, Rep.",2011,4.41899075105516
"Korea, Rep.",2012,4.09279126823994
"Korea, Rep.",2013,3.58824171458632
"Korea, Rep.",2014,3.32627074144665
"Korea, Rep.",2015,0.337001849362955
"Korea, Rep.",2016,1.35455942282986
"Korea, Rep.",2017,1.22662019971689
"Korea, Rep.",2018,3.16426921092061
"Korea, Rep.",2019,4.32142949289067
"Korea, Rep.",2020,1.21885992613016
"Korea, Rep.",2021,0.377072887594155
Kosovo,2009,17.7251027473267
Kosovo,2010,7.49433466073143
Kosovo,2011,7.02826958426952
Kosovo,2012,8.82916593563071
Kosovo,2013,11.4266380811602
Kosovo,2014,8.87148911267565
Kosovo,2015,7.66560472789887
Kosovo,2016,6.61597172589758
Kosovo,2017,6.36471035246891
Kosovo,2018,5.07900755814705
Kuwait,2000,-9.6704929718029
Kuwait,2001,16.9080708625822
Kuwait,2002,1.26860694637141
Kuwait,2003,0.472936584616584
Kuwait,2004,-5.14911494169832
Kuwait,2005,-11.7209779616469
Kuwait,2006,-6.5395512988466
Kuwait,2007,4.05428824689838
Kuwait,2008,-9.31204874289532
Kuwait,2009,28.1580797496703
Kuwait,2010,-5.11388020101942
Kuwait,2011,-10.2894608346973
Kuwait,2012,-2.30356790820393
Kuwait,2013,4.32879285316651
Kuwait,2014,11.825521124667
Kuwait,2015,40.8599039998745
Kuwait,2016,12.1450221675188
Kuwait,2017,-9.92519782302602
Kuwait,2018,-5.79716618632215
Kuwait,2019,5.19488957731382
Kuwait,2020,20.9676362071558
Kyrgyz Republic,2000,23.0504023507159
Kyrgyz Republic,2001,30.5208226969826
Kyrgyz Republic,2002,33.190943213366
Kyrgyz Republic,2003,19.3088319398897
Kyrgyz Republic,2004,17.3474659225071
Kyrgyz Republic,2005,13.4139690980559
Kyrgyz Republic,2006,12.5060712323012
Kyrgyz Republic,2007,7.26172707391704
Kyrgyz Republic,2008,3.01911802459695
Kyrgyz Republic,2009,21.7404009845743
Kyrgyz Republic,2010,12.4380443221685
Kyrgyz Republic,2011,1.05898881293898
Kyrgyz Republic,2012,13.1975919132012
Kyrgyz Republic,2013,17.590588688466
Kyrgyz Republic,2014,10.8087183204007
Kyrgyz Republic,2015,19.5333606509167
Kyrgyz Republic,2016,17.4268792699059
Kyrgyz Republic,2017,12.6891774244179
Kyrgyz Republic,2018,15.530337040848
Kyrgyz Republic,2019,14.4756655970255
Kyrgyz Republic,2020,10.2853169601341
Kyrgyz Republic,2021,0.563950304907874
Lao PDR,2000,5.77111514950941
Lao PDR,2001,15.8895002552372
Lao PDR,2002,21.6471039588972
Lao PDR,2003,15.0285558893356
Lao PDR,2004,16.7670969393803
Lao PDR,2005,16.7460943041139
Lao PDR,2006,17.3231183052043
Lao PDR,2007,19.6035461635919
Lao PDR,2008,13.9041609218739
Lao PDR,2009,28.544004740948
Lao PDR,2010,12.2860349468553
Lebanon,2000,20.670411182274
Lebanon,2001,19.0041604605408
Lebanon,2002,11.114353840225
Lebanon,2003,11.6659461141097
Lebanon,2004,12.1935439749467
Lebanon,2005,11.8278432409292
Lebanon,2006,9.29737692190107
Lebanon,2007,6.90653319380997
Lebanon,2008,2.26058637091018
Lebanon,2009,-0.649418007449942
Lebanon,2010,7.71342952159627
Lebanon,2011,4.43103560121947
Lebanon,2012,-0.220386929452954
Lebanon,2013,4.64998466064518
Lebanon,2014,7.16134867507995
Lebanon,2015,3.63383207727417
Lebanon,2016,7.41493218479531
Lebanon,2017,5.27006947425334
Lebanon,2018,3.57788210708442
Lebanon,2019,5.18080770516385
Lesotho,2000,10.1706738103675
Lesotho,2001,4.55815277640983
Lesotho,2002,2.54193626615318
Lesotho,2003,13.2529716105449
Lesotho,2004,2.53156709698607
Lesotho,2005,5.46985292760066
Lesotho,2006,2.60709786794599
Lesotho,2007,22.3123597216426
Lesotho,2008,-0.459524903315088
Lesotho,2009,10.4074790517822
Lesotho,2010,5.58126170275104
Lesotho,2011,0.91281524783502
Lesotho,2012,7.76887578088872
Lesotho,2013,-0.326350265826412
Lesotho,2014,-3.24084614636733
Lesotho,2015,0.333519996837401
Lesotho,2016,11.902500677121
Lesotho,2017,9.37269677637873
Lesotho,2018,1.3493884854141
Lesotho,2019,7.09465852535018
Lesotho,2020,-3.57830376743494
Lesotho,2021,9.17397157696018
Liberia,2001,21.2668474893726
Liberia,2002,21.9027743320639
Liberia,2003,1.33768082403664
Liberia,2004,1.05850813324589
Liberia,2005,16.4626540989673
Liberia,2006,5.83463167329262
Liberia,2007,2.70359552564356
Liberia,2008,-2.49587309434251
Liberia,2009,17.3828166383397
Liberia,2010,7.25786394321447
Liberia,2011,2.54895433981956
Liberia,2012,5.30735347778052
Liberia,2013,8.37898966744894
Liberia,2014,12.5808439342769
Liberia,2015,13.5354646875379
Liberia,2016,6.18571573208098
Liberia,2017,16.2947039582308
Libya,2000,-5.56617858109322
Libya,2001,-0.172482038272866
Libya,2002,-15.9117736358803
Libya,2003,-6.43791546245998
Libya,2004,-13.475766084563
Libya,2005,-17.456455741053
Libya,2006,-11.1515992762555
Libya,2007,3.47582503654986
Libya,2008,-14.3153031027785
Libya,2009,41.0461028132496
Libya,2010,-11.1323837030052
Libya,2011,-14.7517670767541
Libya,2012,0.0170496009954675
Libya,2013,5.90956134488155
Libya,2014,7.07784993842523
"Macao SAR, China",2000,11.8428403002916
"Macao SAR, China",2001,9.60999716474518
"Macao SAR, China",2002,7.54651089559961
"Macao SAR, China",2003,5.9463694651643
"Macao SAR, China",2004,4.0012994278528
"Macao SAR, China",2005,1.40162224478832
"Macao SAR, China",2006,0.941785243554482
"Macao SAR, China",2007,-0.877010509171769
"Macao SAR, China",2008,-4.22103274539081
"Macao SAR, China",2009,4.28825913543858
"Macao SAR, China",2010,0.438400800715337
"Macao SAR, China",2011,-2.08459427237746
"Macao SAR, China",2012,-1.56279134735122
"Macao SAR, China",2013,-2.30444265691232
"Macao SAR, China",2014,-3.20113026595078
"Macao SAR, China",2015,0.704158607507902
"Macao SAR, China",2016,4.3507857535304
"Macao SAR, China",2017,3.03477434985686
"Macao SAR, China",2018,1.68822754500559
"Macao SAR, China",2019,2.88374658329435
"Macao SAR, China",2020,5.5166412131822
"Macao SAR, China",2021,5.88497700189158
Madagascar,2000,13.7174855361687
Madagascar,2001,16.293136523367
Madagascar,2002,7.51209032865656
Madagascar,2003,26.4039290123312
Madagascar,2004,9.30772986371618
Madagascar,2005,6.34583697856693
Madagascar,2006,15.6947256304368
Madagascar,2007,27.1897602997954
Madagascar,2008,33.9705614860096
Madagascar,2009,35.2476423691247
Madagascar,2010,32.4641014428981
Madagascar,2011,38.151342986962
Madagascar,2012,48.0332440197211
Madagascar,2013,50.7601032026223
Madagascar,2014,49.9085031422105
Madagascar,2015,47.1466644864625
Madagascar,2016,46.8427693262712
Madagascar,2017,52.4367881508529
Madagascar,2018,43.4833449631775
Madagascar,2019,39.8770894405542
Madagascar,2020,42.7140565574933
Madagascar,2021,38.0701831439496
Malawi,2000,17.3066457050185
Malawi,2001,24.3142807444656
Malawi,2002,-29.2213622331437
Malawi,2003,34.9541799643525
Malawi,2004,19.1444070157788
Malawi,2005,20.1750478129123
Malawi,2006,10.2384106637332
Malawi,2007,22.6855134903154
Malawi,2008,11.8904570289531
Malawi,2009,16.079894350461
Malawi,2010,11.1461115796751
Malawi,2011,8.48053829526204
Malawi,2012,12.4717373070149
Malawi,2013,14.6981299702237
Malawi,2014,19.3623121238757
Malawi,2015,19.788961663321
Malawi,2016,20.5513652206367
Malawi,2017,-13.9104760782381
Malawi,2018,24.6500794575411
Malawi,2019,16.6585285234902
Malawi,2020,12.7157411789758
Malawi,2021,14.2196686892993
Malaysia,2000,-1.08573897723978
Malaysia,2001,8.84851289556281
Malaysia,2002,3.29631237075615
Malaysia,2003,2.90603239825626
Malaysia,2004,0.0344787905461832
Malaysia,2005,-2.67317410418221
Malaysia,2006,2.40900097691566
Malaysia,2007,1.45673534665713
Malaysia,2008,-3.90338193758431
Malaysia,2009,11.7823929563059
Malaysia,2010,-2.11327732642702
Malaysia,2011,-0.471868633960644
Malaysia,2012,3.7484193736755
Malaysia,2013,4.46753081745693
Malaysia,2014,2.06851821643173
Malaysia,2015,3.30705411817176
Malaysia,2016,2.82590366708715
Malaysia,2017,0.798938381933003
Malaysia,2018,4.27703454996027
Malaysia,2019,4.8016293621291
Malaysia,2020,4.75173086801389
Malaysia,2021,-2.14690159336529
Maldives,2000,7.34143642329296
Maldives,2001,-27.4166579504518
Maldives,2002,9.37566872037581
Maldives,2003,6.92865738179279
Maldives,2004,0.259670665134152
Maldives,2005,1.00535652885632
Maldives,2006,2.69151294759851
Maldives,2007,0.124894690153222
Maldives,2008,-0.715392507076213
Maldives,2009,-0.926644374190486
Maldives,2010,7.28451626107112
Maldives,2011,-2.16430522340332
Maldives,2012,3.47158430022761
Maldives,2013,4.42688708734452
Maldives,2014,6.47605895821541
Maldives,2015,2.93833126258287
Maldives,2016,10.5158333080628
Maldives,2017,8.64801981300051
Maldives,2018,7.2971419077219
Maldives,2019,12.9350860701135
Maldives,2020,11.138598914081
Maldives,2021,9.65888108092833
Mali,2005,1.09529098131699
Mali,2006,0.0858060091967498
Mali,2007,0.188054615581245
Mali,2008,-2.13672500803908
Mali,2009,0.326434553495261
Mali,2010,0.717035021492655
Mali,2011,-6.17471474854372
Mali,2012,0.41466215645888
Mali,2013,4.60481570581188
Mali,2014,4.01870683269197
Mali,2015,2.20701772849495
Mali,2016,3.89130144418924
Mali,2017,3.14489590971151
Malta,2000,12.3452983565269
Malta,2001,2.09986793211687
Malta,2002,4.73451572063408
Malta,2003,8.27644764428675
Malta,2004,3.6046604560946
Malta,2005,3.96083026081937
Malta,2006,3.2771543288628
Malta,2007,3.86620409232573
Malta,2008,2.57506961957292
Malta,2009,2.40263665652689
Malta,2010,1.38955237959614
Malta,2011,3.58063428597992
Malta,2012,2.50311196784938
Malta,2013,2.37563040085157
Mauritania,2000,18.0831778458359
Mauritania,2001,15.7553753706113
Mauritania,2002,13.3863439105326
Mauritania,2003,15.8055649858533
Mauritania,2004,9.07038274530279
Mauritania,2005,7.41637643574221
Mauritania,2006,8.68511248307785
Mauritania,2007,13.4113924352128
Mauritania,2008,8.6861778556254
Mauritania,2009,19.9304642105487
Mauritania,2010,-4.36736172986863
Mauritania,2011,-0.465994034674147
Mauritania,2012,16.4690905930452
Mauritania,2013,11.9746148129651
Mauritania,2014,32.7679508163389
Mauritania,2015,22.8912964000707
Mauritania,2016,5.20633690828478
Mauritania,2017,15.1755386517339
Mauritius,2000,16.7884304322902
Mauritius,2001,13.9996916046188
Mauritius,2002,13.9152846956068
Mauritius,2003,14.5581732677581
Mauritius,2004,13.2476865292305
Mauritius,2005,16.4443285310549
Mauritius,2006,9.04172501025342
Mauritius,2007,12.5252168796079
Mauritius,2008,5.53993477156976
Mauritius,2009,9.96942087714524
Mauritius,2010,7.66227180047388
Mauritius,2011,5.57883017241309
Mauritius,2012,6.05193132211093
Mauritius,2013,4.19234274182497
Mauritius,2014,6.19731922699534
Mauritius,2015,7.00246757094131
Mauritius,2016,5.97293542715017
Mauritius,2017,6.75298140014591
Mauritius,2018,6.71215609466
Mauritius,2019,8.95776165388616
Mauritius,2020,4.53779105968293
Mauritius,2021,3.43355574053434
Mexico,2000,5.19659251008799
Mexico,2001,6.36874291178691
Mexico,2002,2.56623799537731
Mexico,2003,2.86722418362441
Mexico,2004,-0.484780797781082
Mexico,2005,3.60908384051176
Mexico,2006,1.05519369988602
Mexico,2007,1.6748159225407
Mexico,2008,2.38598083105844
Mexico,2009,2.99894871915234
Mexico,2010,0.703697862897527
Mexico,2011,-0.880588209027461
Mexico,2012,0.590881552446298
Mexico,2013,2.69980279723765
Mexico,2014,-0.850301497643956
Mexico,2015,0.587426403246703
Mexico,2016,-0.805935902312038
Mexico,2017,0.580805782957757
Mexico,2018,2.94777958046491
Mexico,2019,4.13484576543262
Mexico,2020,2.08740469099174
Mexico,2021,-0.259051330274745
"Micronesia, Fed. Sts.",2000,14.0989790291573
"Micronesia, Fed. Sts.",2001,14.0651917271088
"Micronesia, Fed. Sts.",2002,15.166532831857
"Micronesia, Fed. Sts.",2003,15.4202744858814
"Micronesia, Fed. Sts.",2004,14.2402446657694
"Micronesia, Fed. Sts.",2005,13.9847459504663
"Micronesia, Fed. Sts.",2006,14.0359342250511
"Micronesia, Fed. Sts.",2007,10.5211342076775
"Micronesia, Fed. Sts.",2008,8.92658157763292
"Micronesia, Fed. Sts.",2009,9.50856718334058
"Micronesia, Fed. Sts.",2010,11.1261422382138
"Micronesia, Fed. Sts.",2011,12.5540510551751
"Micronesia, Fed. Sts.",2012,6.71894225397576
"Micronesia, Fed. Sts.",2013,14.967719264089
"Micronesia, Fed. Sts.",2014,12.3040444709656
"Micronesia, Fed. Sts.",2015,22.1112803322771
"Micronesia, Fed. Sts.",2016,11.1988508804902
"Micronesia, Fed. Sts.",2017,8.02905933726324
"Micronesia, Fed. Sts.",2018,5.77189070135659
"Micronesia, Fed. Sts.",2019,13.211738980535
"Micronesia, Fed. Sts.",2020,13.5515717190928
"Micronesia, Fed. Sts.",2021,10.1010871745591
Moldova,2000,5.06398950352475
Moldova,2001,14.8140125530009
Moldova,2002,12.4688960378077
Moldova,2003,3.85074378398257
Moldova,2004,11.9933288359269
Moldova,2005,9.06924584698605
Moldova,2006,4.15294419089306
Moldova,2007,2.51601879555873
Moldova,2008,10.8197163393923
Moldova,2009,17.9846181155048
Moldova,2010,-12.7114067553409
Moldova,2011,5.77428521131058
Moldova,2012,5.57968420702486
Moldova,2013,8.05427749107736
Moldova,2014,4.38196522667463
Moldova,2015,4.18464366480337
Moldova,2016,8.14006634264366
Moldova,2017,3.87050970208062
Moldova,2018,5.49280431442815
Moldova,2019,2.70385328274884
Moldova,2020,2.60832978874227
Moldova,2021,3.9370286248336
Mongolia,2000,22.2795270696795
Mongolia,2001,24.3565503058999
Mongolia,2002,27.401584080924
Mongolia,2003,19.6578061535576
Mongolia,2004,12.6674725571455
Mongolia,2005,8.71984237874352
Mongolia,2006,4.05599555654033
Mongolia,2007,9.13723601029714
Mongolia,2008,-0.712580733992565
Mongolia,2009,19.484338526318
Mongolia,2010,-13.7301743042784
Mongolia,2011,1.29445835991154
Mongolia,2012,4.7253313214346
Mongolia,2013,15.1340978362275
Mongolia,2014,10.7740524595194
Mongolia,2015,18.8380789968263
Mongolia,2016,16.261675776967
Mongolia,2017,8.30906022534818
Mongolia,2018,9.03445571128468
Mongolia,2019,6.38744086582442
Mongolia,2020,12.7512515214544
Mongolia,2021,1.38672966992408
Montenegro,2005,7.74311824845794
Montenegro,2006,0.951080777074884
Montenegro,2007,-5.89361109137081
Montenegro,2008,1.49514131692674
Montenegro,2009,6.78780976949835
Montenegro,2010,7.8006589206664
Montenegro,2011,8.38313880982115
Montenegro,2012,9.36889845742004
Montenegro,2013,7.17472952377419
Montenegro,2014,8.29036457472537
Montenegro,2015,6.56797930972674
Montenegro,2016,2.73124769888198
Montenegro,2017,3.24750527012739
Montenegro,2018,3.1998303307668
Montenegro,2019,4.07054526891926
Montenegro,2020,6.0929708437202
Montenegro,2021,0.443748365578951
Mozambique,2000,6.76393532550088
Mozambique,2001,6.00927796108545
Mozambique,2002,15.1463336554396
Mozambique,2003,19.4973175362866
Mozambique,2004,14.6053970931475
Mozambique,2005,11.4522261989843
Mozambique,2006,9.90711791748261
Mozambique,2007,11.1374739463499
Mozambique,2008,12.3742656354652
Mozambique,2009,14.4532914232787
Mozambique,2010,7.65199525419616
Mozambique,2011,15.4100785393496
Mozambique,2012,12.90033322694
Mozambique,2013,11.9874300399603
Mozambique,2014,13.4247004742523
Mozambique,2015,6.7672877831252
Mozambique,2016,6.59806764620303
Mozambique,2017,18.7804540083734
Mozambique,2018,19.3999386247303
Mozambique,2019,13.2335740060853
Mozambique,2020,14.2195322897656
Mozambique,2021,14.1306095700694
Myanmar,2000,6.97373881015018
Myanmar,2001,3.57325712375284
Myanmar,2002,-11.9940223152826
Myanmar,2003,-7.96938499476014
Myanmar,2004,6.98982397496665
Myanmar,2005,5.75633487009967
Myanmar,2006,-0.475723767854614
Myanmar,2007,-1.36291485617041
Myanmar,2008,2.6822608736684
Myanmar,2009,11.1815212930963
Myanmar,2010,14.0505359899727
Myanmar,2011,10.5125104306706
Myanmar,2012,8.98622798183254
Myanmar,2013,11.7566108970272
Myanmar,2014,11.2547548357912
Myanmar,2015,7.03585696823526
Myanmar,2016,19.1593338749916
Myanmar,2017,10.0852295766455
Myanmar,2018,10.0092698177034
Myanmar,2019,9.16083499792987
Myanmar,2020,10.5822694253578
Namibia,2000,3.59198976612096
Namibia,2001,2.99261659866419
Namibia,2002,3.48524798568704
Namibia,2003,13.2611617899083
Namibia,2004,9.16198618354992
Namibia,2005,4.74622108685375
Namibia,2006,1.62170083930844
Namibia,2007,3.29202100486973
Namibia,2008,2.50109853407181
Namibia,2009,3.90192460538984
Namibia,2010,5.77878966375203
Namibia,2011,4.7345080105914
Namibia,2012,-2.34444206494153
Namibia,2013,4.08437550562464
Namibia,2014,0.428951190912084
Namibia,2015,5.25645281723475
Namibia,2016,1.73731933675939
Namibia,2017,0.0979947583801874
Namibia,2018,5.47139155551251
Namibia,2019,8.86737455968525
Namibia,2020,3.18781597906178
Namibia,2021,5.03941729956957
Netherlands,2000,1.32594463542776
Netherlands,2001,0.782402683248704
Netherlands,2002,0.180968513378638
Netherlands,2003,0.812095934062137
Netherlands,2004,1.52756687694735
Netherlands,2005,0.76684286790214
Netherlands,2006,0.956074204991445
Netherlands,2007,2.48055865807104
Netherlands,2008,2.24604017105627
Netherlands,2009,1.75875013282005
Netherlands,2010,0.80204373873459
Netherlands,2011,1.80285664366271
Netherlands,2012,0.176340358593803
Netherlands,2013,0.217232399151861
New Zealand,2000,4.82719039691678
New Zealand,2001,3.64831553962393
New Zealand,2002,6.81732104729881
New Zealand,2003,4.64934221417478
New Zealand,2004,4.16678318977311
New Zealand,2005,5.61604355269618
New Zealand,2006,5.44169651819784
New Zealand,2007,3.10782423670929
New Zealand,2008,6.17321881067384
New Zealand,2009,3.82602756037066
New Zealand,2010,3.081513079357
New Zealand,2011,3.56639019200571
New Zealand,2012,5.97908119458328
New Zealand,2013,1.25279278713007
New Zealand,2014,5.370367568936
New Zealand,2015,4.2781514139793
New Zealand,2016,2.57749298986683
New Zealand,2017,1.22019505608491
New Zealand,2018,-1.87846816865586
Nicaragua,2000,8.82136624759431
Nicaragua,2001,10.547728029581
Nicaragua,2002,14.5734071705738
Nicaragua,2003,9.70097533217219
Nicaragua,2004,4.07198289754455
Nicaragua,2005,2.03360828798268
Nicaragua,2006,3.43829827612888
Nicaragua,2007,3.07112669610174
Nicaragua,2008,-2.60742073006307
Nicaragua,2009,7.55229647074426
Nicaragua,2010,6.76567946486073
Nicaragua,2011,0.294104811307453
Nicaragua,2012,5.41197084579829
Nicaragua,2013,10.1925865053824
Nicaragua,2014,4.74727689738862
Nicaragua,2015,4.14885782272145
Nicaragua,2016,6.5482428630435
Nicaragua,2017,6.39277201840927
Nicaragua,2018,8.02370948359713
Nicaragua,2019,6.59032865870094
Nicaragua,2020,5.3861778681095
Nicaragua,2021,6.08913301797454
Niger,2005,2.03461304635928
Niger,2006,3.19269998553228
Niger,2007,-2.13477736036939
Niger,2008,-4.67174281777422
Niger,2009,0.755772673577094
Niger,2010,1.58327097165246
Niger,2011,1.23525214586231
Niger,2012,-0.255604358333003
Niger,2013,5.67763443695933
Niger,2014,5.76740721438735
Niger,2015,2.84083767674412
Niger,2016,3.44059819209033
Niger,2017,4.75024969825613
Nigeria,2000,-1.14088864193511
Nigeria,2001,12.138702496426
Nigeria,2002,3.02354227462772
Nigeria,2003,9.93571338658629
Nigeria,2004,-2.60484706004028
Nigeria,2005,-1.59368048053205
Nigeria,2006,-5.62796804871008
Nigeria,2007,9.18717122829726
Nigeria,2008,6.68490863483729
Nigeria,2009,18.1800016730828
Nigeria,2010,1.06773606377507
Nigeria,2011,5.68557985915585
Nigeria,2012,6.22480861363814
Nigeria,2013,11.2016222248822
Nigeria,2014,11.3562130253417
Nigeria,2015,13.5961532457255
Nigeria,2016,6.68623361722716
Nigeria,2017,5.79056687266065
Nigeria,2018,6.05597715436586
Nigeria,2019,4.52218849694503
Nigeria,2020,5.37128021236915
Nigeria,2021,1.2277185307373
North Macedonia,2005,7.26516846748916
North Macedonia,2006,8.04240569577011
North Macedonia,2007,5.65016796689051
North Macedonia,2008,4.49410787776226
North Macedonia,2009,10.8427361033363
North Macedonia,2010,8.48142548946228
North Macedonia,2011,5.66722821086817
North Macedonia,2012,7.98522175537971
North Macedonia,2013,3.83126684806821
North Macedonia,2014,6.2280670790202
North Macedonia,2015,5.3457581796468
North Macedonia,2016,3.43336996492373
North Macedonia,2017,3.69588556406759
North Macedonia,2018,2.09837749145698
North Macedonia,2019,4.70038784902453
North Macedonia,2020,2.21851245980203
North Macedonia,2021,1.27716551374282
Norway,2013,1.75008628894376
Norway,2014,3.90970094732571
Norway,2015,6.54161941669169
Norway,2016,4.61225009909145
Norway,2017,-0.909342156018559
Norway,2018,-3.49340717234351
Norway,2019,3.72604055125946
Norway,2020,6.53776580179794
Norway,2021,-12.5198993233646
Oman,2000,-6.18960963025096
Oman,2001,14.8318241478794
Oman,2002,3.93577084391043
Oman,2003,-1.77037054621214
Oman,2004,-4.48476609392888
Oman,2005,-12.3962653506496
Oman,2006,-5.57727669090437
Oman,2007,-0.826940501818137
Oman,2008,-20.1290039957665
Oman,2009,43.3425658517567
Oman,2010,-18.8649696103164
Oman,2011,-8.07973379393509
Oman,2012,2.21469423925791
Oman,2013,7.91158154746331
Oman,2014,3.40789682865649
Oman,2015,29.7141921537162
Oman,2016,15.4598093486321
Oman,2017,-1.99936784872024
Oman,2018,-5.80486611238394
Oman,2019,8.30081839376837
Oman,2020,18.2143547227132
Oman,2021,-6.38700336383128
Pakistan,2004,-0.0681181936908736
Pakistan,2005,1.14234581465981
Pakistan,2006,1.94234451056405
Pakistan,2007,4.189272917252
Pakistan,2008,-0.236896631611442
Pakistan,2009,-5.07930122399369
Pakistan,2010,2.87979580363842
Pakistan,2011,-4.36750361282649
Pakistan,2012,7.12531269741317
Pakistan,2013,4.69297994331988
Pakistan,2014,4.02046765819792
Pakistan,2015,5.8069063829721
Pakistan,2016,-3.75828053019478
Pakistan,2017,4.01832568832305
Pakistan,2018,4.51556820489702
Pakistan,2019,2.93179330274519
Pakistan,2020,0.739692508004723
Pakistan,2021,-1.405168965923
Panama,2000,11.8755777157973
Panama,2001,9.84225275952348
Panama,2002,8.76467706636645
Panama,2003,8.6960847244622
Panama,2004,6.72615939403963
Panama,2005,6.7978307811164
Panama,2006,6.58283434064921
Panama,2007,3.785734018339
Panama,2008,0.35185236219072
Panama,2009,1.08546664307944
Panama,2010,4.60149366390088
Panama,2011,1.58179281095246
Panama,2012,1.45814218239364
Panama,2013,1.80008322266429
Panama,2014,2.62683890049412
Panama,2015,3.91908599668976
Panama,2016,4.50646479818382
Panama,2017,4.95129777608705
Panama,2018,6.16794240415611
Panama,2019,6.8977495967322
Panama,2020,8.96528055498139
Panama,2021,4.66653732067367
Papua New Guinea,2000,3.92571797873366
Papua New Guinea,2001,8.69258793903992
Papua New Guinea,2002,1.42375015063627
Papua New Guinea,2003,7.40623929990038
Papua New Guinea,2004,15.5530804394784
Papua New Guinea,2005,-0.635761691143538
Papua New Guinea,2006,-31.1172422998082
Papua New Guinea,2007,6.79238387592348
Papua New Guinea,2008,-2.21086723553131
Papua New Guinea,2009,15.7415559435155
Papua New Guinea,2010,0.480973311637734
Papua New Guinea,2011,1.8148558397558
Papua New Guinea,2012,11.4555568045047
Papua New Guinea,2013,6.31649598133552
Papua New Guinea,2014,3.73533580456129
Papua New Guinea,2015,10.087811319828
Papua New Guinea,2016,5.71297677704803
Papua New Guinea,2017,0.639555495412992
Papua New Guinea,2018,-0.658125153410451
Papua New Guinea,2019,7.50680734325335
Papua New Guinea,2020,6.08251872400023
Papua New Guinea,2021,-4.46149736195638
Paraguay,2000,14.2035386384804
Paraguay,2001,16.4268997545601
Paraguay,2002,22.6570046799308
Paraguay,2003,37.0207819032744
Paraguay,2004,24.0813135946872
Paraguay,2005,19.134850825752
Paraguay,2006,23.8660041047369
Paraguay,2007,14.4583502460761
Paraguay,2008,15.683124648378
Paraguay,2009,27.9872353881339
Paraguay,2010,24.3017624012322
Paraguay,2011,11.7058473870639
Paraguay,2012,11.7942698365307
Paraguay,2013,14.3120851574278
Paraguay,2014,17.8199443309874
Paraguay,2015,17.8457424475867
Paraguay,2016,13.3865990752183
Paraguay,2017,14.5093886137326
Paraguay,2018,13.4929626362885
Paraguay,2019,12.0533260672889
Paraguay,2020,11.0890000853411
Paraguay,2021,5.02805876775231
Peru,2000,25.5698477470948
Peru,2001,24.411950042159
Peru,2002,20.6338458601459
Peru,2003,18.8715495126426
Peru,2004,17.308705204716
Peru,2005,21.284368194887
Peru,2006,15.1194989096292
Peru,2007,21.0511674102817
Peru,2008,22.323874594588
Peru,2009,18.5944908019559
Peru,2010,12.5494733748355
Peru,2011,11.1780878633624
Peru,2012,17.8200224863401
Peru,2013,16.903308069059
Peru,2014,12.994785090205
Peru,2015,13.0638220152775
Peru,2016,12.9852567811511
Peru,2017,12.7122035671679
Peru,2018,11.9886777000573
Peru,2019,12.2832644568721
Peru,2020,8.70673438950793
Peru,2021,2.35866398248553
Philippines,2000,4.81049324470465
Philippines,2001,6.42188423740419
Philippines,2002,4.70819992469216
Philippines,2003,6.08528504670799
Philippines,2004,3.95524739260692
Philippines,2005,4.03548972128816
Philippines,2006,4.4401194500866
Philippines,2007,5.35759701816081
Philippines,2008,1.46657832194706
Philippines,2009,5.67257824063166
Philippines,2010,3.16350898272397
Philippines,2011,2.64095050382798
Philippines,2012,3.61326895733707
Philippines,2013,3.63093412149458
Philippines,2014,2.39960024337773
Philippines,2015,6.34358648995616
Philippines,2016,4.30655097833463
Philippines,2017,3.2319992694047
Philippines,2018,2.29210640379307
Philippines,2019,6.35446159056436
Qatar,2004,-6.11969021542947
Qatar,2005,-18.3013168722464
Qatar,2006,-1.09043553056942
Qatar,2007,-3.19143165809333
Qatar,2008,-13.0638363628401
Qatar,2009,41.2529481378795
Qatar,2010,0.273060307417577
Qatar,2011,-10.808399552063
Qatar,2012,-0.892370941640354
Qatar,2013,4.31209075828269
Qatar,2014,6.5437014774265
Qatar,2015,39.4893730514304
Qatar,2016,14.3011557096888
Qatar,2017,-2.86771171538501
Qatar,2018,-6.6128188668191
Qatar,2019,10.3663038506277
Qatar,2020,22.1235288471377
Qatar,2021,-15.2043530735996
Romania,2000,7.45156589527913
Romania,2001,5.39568237207382
Romania,2002,10.357989375454
Romania,2003,1.85276834167124
Romania,2004,8.79629617167316
Romania,2005,6.77979401796874
Romania,2006,3.05143448896313
Romania,2007,-2.13087077084908
Romania,2008,-0.88543845281131
Romania,2009,12.6704102021291
Romania,2010,7.70670995234285
Romania,2011,7.83881155540637
Romania,2012,7.2503364307245
Romania,2013,9.00763494282922
Romania,2014,6.64197373502727
Romania,2015,3.39200509428436
Romania,2016,3.00900520173944
Romania,2017,0.871983736444823
Romania,2018,0.561074217624024
Romania,2019,0.33363664240598
Romania,2020,2.28325970601718
Romania,2021,0.186783915767531
Russian Federation,2000,-9.63311144094157
Russian Federation,2001,1.22657850679028
Russian Federation,2002,0.0329353849571815
Russian Federation,2003,-0.600170683349488
Russian Federation,2004,-7.32898586117018
Russian Federation,2005,-7.2066899103981
Russian Federation,2006,-4.07869183877499
Russian Federation,2007,-3.34492661144464
Russian Federation,2008,-4.9049620894464
Russian Federation,2009,13.0799652855766
Russian Federation,2010,-2.95508373143389
Russian Federation,2011,-12.8569352916675
Russian Federation,2012,0.176416618592749
Russian Federation,2013,3.93707019289954
Russian Federation,2014,3.39714683539547
Russian Federation,2015,7.8945935741623
Russian Federation,2016,9.48435447314741
Russian Federation,2017,4.94560423051567
Russian Federation,2018,-1.02848259463135
Russian Federation,2019,5.3167092312001
Russian Federation,2020,6.07811611211168
Russian Federation,2021,-7.97312924984806
Rwanda,2000,12.7851458246101
Rwanda,2001,16.8070679446837
Rwanda,2002,22.6293262141843
Rwanda,2003,-3.63842830778489
Rwanda,2004,4.40039279328477
Rwanda,2005,6.19292872467447
Rwanda,2006,13.0822958129334
Rwanda,2007,2.71799502888438
Rwanda,2008,1.56508186119748
Rwanda,2009,8.937107027914
Rwanda,2010,13.3891013607631
Rwanda,2011,8.8387895567834
Rwanda,2012,11.4409642272362
Rwanda,2013,14.2434931930704
Rwanda,2014,11.960790368987
Rwanda,2015,16.765603622923
Rwanda,2016,11.6740843457205
Rwanda,2017,8.33420762911492
Rwanda,2018,17.6694139746212
Rwanda,2019,13.7074020651453
Rwanda,2020,9.01134863498422
Rwanda,2021,13.0749574419764
Samoa,2001,7.93595960342519
Samoa,2002,9.81902742755987
Samoa,2003,8.51719312456677
Samoa,2004,3.88340999544765
Samoa,2005,7.14684078660197
Samoa,2006,6.1245409517063
Samoa,2007,4.80249955932425
Samoa,2008,3.24506426724776
Samoa,2009,10.2330929055009
Samoa,2010,16.7266894490841
Samoa,2011,10.9721914663177
Samoa,2012,5.60773084163378
Samoa,2013,7.67447772362731
Samoa,2014,9.08438667412642
Samoa,2015,5.33226059335482
Samoa,2016,6.69658805074628
Samoa,2017,8.43105450180022
Samoa,2018,7.76726514812698
Samoa,2019,7.31991929261315
Samoa,2020,7.39095435959569
Samoa,2021,8.95526857260378
San Marino,2001,5.25446817333611
San Marino,2002,5.43354491416219
San Marino,2003,4.91516080000574
San Marino,2004,5.02555920300189
San Marino,2005,5.41677960057061
San Marino,2006,4.60461275476661
San Marino,2007,9.74713782696176
San Marino,2008,4.92116432068544
San Marino,2009,4.69619007577433
San Marino,2010,3.89641170579727
San Marino,2011,5.75850760708114
San Marino,2012,3.255870775973
San Marino,2013,4.5314181007046
San Marino,2014,5.69907157808861
San Marino,2015,3.2564995255871
San Marino,2016,0.97790403584274
San Marino,2017,0.478882931025026
San Marino,2018,0.0716859979767775
San Marino,2019,1.10470584913868
San Marino,2020,1.36831642788193
Sao Tome and Principe,2002,23.2272800059089
Sao Tome and Principe,2003,13.8354056128099
Sao Tome and Principe,2004,13.0013461835413
Sao Tome and Principe,2005,10.1645338060645
Sao Tome and Principe,2006,14.0966247561702
Sao Tome and Principe,2007,20.8000761936785
Sao Tome and Principe,2008,2.7724592978117
Sao Tome and Principe,2009,21.8816346772491
Sao Tome and Principe,2010,14.5776068737299
Sao Tome and Principe,2011,17.7873620328119
Sao Tome and Principe,2012,11.0546293664174
Sao Tome and Principe,2013,13.7332541884422
Sao Tome and Principe,2014,13.8407099958883
Sao Tome and Principe,2015,17.42726177338
Sao Tome and Principe,2016,13.7676797443818
Sao Tome and Principe,2017,16.1677995650998
Sao Tome and Principe,2018,17.8515294839506
Sao Tome and Principe,2019,11.2955511934051
Sao Tome and Principe,2020,12.9422997300345
Senegal,2005,2.22332732513481
Senegal,2006,1.79925724091591
Senegal,2007,-1.72348998541049
Senegal,2008,-2.9869518860136
Senegal,2009,6.78107363941052
Senegal,2010,3.45350890101026
Senegal,2011,1.34650524218175
Senegal,2012,1.7090973367486
Senegal,2013,4.05329219626871
Senegal,2014,6.95969224016425
Senegal,2015,4.04115044114453
Senegal,2016,4.31162644812894
Senegal,2017,4.50066946694888
Serbia,2000,-1.26671238246802
Serbia,2001,-25.6795928146718
Serbia,2002,-13.5805131312256
Serbia,2003,-8.80070138179248
Serbia,2004,-4.31860396698613
Serbia,2005,-9.73903210068197
Serbia,2006,-6.44393428554072
Serbia,2007,-3.96363450519767
Serbia,2008,-2.7989483394918
Serbia,2009,-0.942739350045802
Serbia,2010,-0.917490260506404
Seychelles,2000,6.49454773171357
Seychelles,2001,4.20941873066316
Seychelles,2002,6.73116009537044
Seychelles,2003,4.40696812075433
Seychelles,2004,-11.7766783669376
Seychelles,2005,9.26788220178294
Seychelles,2006,8.48523521558238
Seychelles,2007,-0.810525806980959
Seychelles,2008,-17.1580296671084
Seychelles,2009,-9.5274370579055
Seychelles,2010,17.6593110209833
Seychelles,2011,6.40568421373765
Seychelles,2012,3.25109589381791
Seychelles,2013,7.93008653455347
Seychelles,2014,5.64170839578544
Seychelles,2015,11.3575403455471
Seychelles,2016,12.4322168074202
Seychelles,2017,8.42555807957501
Seychelles,2018,9.33826248620004
Seychelles,2019,11.8002680047618
Seychelles,2020,9.60346471074175
Seychelles,2021,6.29405171575828
Sierra Leone,2000,22.2391583121499
Sierra Leone,2001,-28.5164133831829
Sierra Leone,2002,27.145978546024
Sierra Leone,2003,6.06003094849368
Sierra Leone,2004,8.21468984075943
Sierra Leone,2005,6.81932226668663
Sierra Leone,2006,10.3900718544517
Sierra Leone,2007,17.0452182561277
Sierra Leone,2008,13.1882859858157
Sierra Leone,2009,13.3463254753571
Sierra Leone,2010,3.47583449254562
Sierra Leone,2011,3.08911265919753
Sierra Leone,2012,7.99610475650235
Sierra Leone,2013,12.7517676569786
Sierra Leone,2014,17.3033587471085
Sierra Leone,2015,-0.113375367327413
Sierra Leone,2016,14.1890993592512
Sierra Leone,2017,1.41612932299909
Sierra Leone,2018,1.70114040975683
Sierra Leone,2019,9.53034485401281
Sierra Leone,2020,6.33171460588467
Sierra Leone,2021,11.4045285452873
Singapore,2000,1.89658180389967
Singapore,2001,7.60067410678851
Singapore,2002,6.29924790489969
Singapore,2003,7.23589278336476
Singapore,2004,1.28941695213109
Singapore,2005,3.33607855433956
Singapore,2006,3.40551309237873
Singapore,2007,-0.554042740231563
Singapore,2008,6.85627872280123
Singapore,2009,2.35646709404947
Singapore,2010,4.22538213508497
Singapore,2011,4.16049084438408
Singapore,2012,4.86057756338297
Singapore,2013,5.83621695317835
Singapore,2014,5.63232355514565
Singapore,2015,2.21015017142368
Singapore,2016,4.88573165526589
Singapore,2017,2.41058371863179
Singapore,2018,1.76140161629149
Singapore,2019,5.62944445071996
Singapore,2020,8.47403052565822
Singapore,2021,1.17029352384827
Solomon Islands,2000,4.52284187381659
Solomon Islands,2001,0.0846149494588499
Solomon Islands,2002,-1.14945530152087
Solomon Islands,2003,-12.6201045877534
Solomon Islands,2004,6.01097945495495
Solomon Islands,2005,-1.30922782220591
Solomon Islands,2006,-0.163419215735538
Solomon Islands,2007,-1.18427473246828
Solomon Islands,2008,1.47594683781903
Solomon Islands,2009,5.04756547545664
Solomon Islands,2010,12.470412083474
Solomon Islands,2011,8.32386053475513
Solomon Islands,2012,6.33158325203438
Solomon Islands,2013,8.22833921731509
Solomon Islands,2014,6.983413886352
Solomon Islands,2015,6.88923548745031
Solomon Islands,2016,9.72136457963979
Solomon Islands,2017,7.91412290079561
Solomon Islands,2018,2.68017281003304
Solomon Islands,2019,9.24018543407577
Solomon Islands,2020,12.1688054178243
Solomon Islands,2021,1.08506355267495
South Africa,2000,4.87058238653657
South Africa,2001,5.53834143339361
South Africa,2002,2.85418551575979
South Africa,2003,8.04784838936569
South Africa,2004,4.95038435886221
South Africa,2005,4.76148920296545
South Africa,2006,4.8103022796052
South Africa,2007,4.54604566856025
South Africa,2008,6.74515150291692
South Africa,2009,2.80250897674705
South Africa,2010,3.49095978979672
South Africa,2011,3.27930122317635
South Africa,2012,3.88287299810937
South Africa,2013,2.50924549715633
South Africa,2014,3.56702763012509
South Africa,2015,3.66774283297157
South Africa,2016,3.27825167845193
South Africa,2017,4.64731548547952
South Africa,2018,6.10876006146891
South Africa,2019,5.24371092957638
South Africa,2020,1.90715125615964
South Africa,2021,0.774484235195939
South Sudan,2012,-23.5358140539176
South Sudan,2013,-16.810250338827
South Sudan,2014,61.8826038964822
South Sudan,2015,-3.32140405501115
South Sudan,2016,-33.0091896068993
South Sudan,2017,-77.5612801177758
South Sudan,2018,-27.287868332326
South Sudan,2019,-25.0979573292195
South Sudan,2020,14.5513067368723
South Sudan,2021,-8.15352860472587
Sri Lanka,2001,0.514847020995709
Sri Lanka,2002,4.67658524491004
Sri Lanka,2003,1.46867912780351
Sri Lanka,2004,0.611364964122661
Sri Lanka,2005,0.312845406913684
Sri Lanka,2006,1.41356267376407
Sri Lanka,2007,2.67321360043593
Sri Lanka,2008,2.20469047473136
Sri Lanka,2009,9.2480117913198
Sri Lanka,2010,-13.1700417408982
Sri Lanka,2011,5.22391262563151
Sri Lanka,2012,2.55187233895319
Sri Lanka,2013,5.83555736886662
Sri Lanka,2014,5.80537155826198
Sri Lanka,2015,3.82773663752955
Sri Lanka,2016,4.7894132333765
Sri Lanka,2017,5.78078147698666
Sri Lanka,2018,6.95991098583695
Sri Lanka,2019,7.09887513185031
St. Kitts and Nevis,2000,17.8836527184862
St. Kitts and Nevis,2001,7.49337409441175
St. Kitts and Nevis,2002,7.16793867781531
St. Kitts and Nevis,2003,10.3738355839547
St. Kitts and Nevis,2004,6.17620404269227
St. Kitts and Nevis,2005,11.8511585394244
St. Kitts and Nevis,2006,-4.2635096165767
St. Kitts and Nevis,2007,2.77807636590854
St. Kitts and Nevis,2008,7.11530333682338
St. Kitts and Nevis,2009,5.54112783558814
St. Kitts and Nevis,2010,8.04400459610097
St. Kitts and Nevis,2011,3.58277126145186
St. Kitts and Nevis,2012,9.46292350411187
St. Kitts and Nevis,2013,8.52741858586812
St. Kitts and Nevis,2014,7.96677425921527
St. Kitts and Nevis,2015,9.63156102864097
St. Kitts and Nevis,2016,7.77340652790109
St. Kitts and Nevis,2017,3.86257107220759
St. Kitts and Nevis,2018,9.23801770925177
St. Kitts and Nevis,2019,9.76340503401199
St. Kitts and Nevis,2020,15.2354965770227
St. Kitts and Nevis,2021,9.1241985076028
St. Lucia,2000,11.8152844680971
St. Lucia,2001,14.0128257051618
St. Lucia,2002,12.1258633501985
St. Lucia,2003,9.28749797143214
St. Lucia,2004,10.2897812665614
St. Lucia,2005,3.46910600035108
St. Lucia,2006,5.33239730059446
St. Lucia,2007,6.30461431177876
St. Lucia,2008,7.36560346048216
St. Lucia,2009,10.2309953644875
St. Lucia,2010,5.94623672397266
St. Lucia,2011,9.39481570221924
St. Lucia,2012,7.364404698495
St. Lucia,2013,1.82740804413831
St. Lucia,2014,5.20332040445429
St. Lucia,2015,3.93050099875369
St. Lucia,2016,9.03032242427692
St. Lucia,2017,4.64675145418746
St. Lucia,2018,7.9610840305735
St. Lucia,2019,5.124427517079
St. Lucia,2020,11.9360386201532
St. Lucia,2021,7.39793997347344
St. Vincent and the Grenadines,2000,3.43607105955498
St. Vincent and the Grenadines,2001,5.18936807816212
St. Vincent and the Grenadines,2002,11.3323085748558
St. Vincent and the Grenadines,2003,14.3170551321309
St. Vincent and the Grenadines,2004,5.73065828611085
St. Vincent and the Grenadines,2005,6.49203912479022
St. Vincent and the Grenadines,2006,5.8141490384009
St. Vincent and the Grenadines,2007,2.13011015150533
St. Vincent and the Grenadines,2008,7.10583527375841
St. Vincent and the Grenadines,2009,10.4500063711068
St. Vincent and the Grenadines,2010,3.40142070746745
St. Vincent and the Grenadines,2011,9.48553232710217
St. Vincent and the Grenadines,2012,8.2317157145835
St. Vincent and the Grenadines,2013,7.03975596196512
St. Vincent and the Grenadines,2014,9.52011700744783
St. Vincent and the Grenadines,2015,10.1112679018088
St. Vincent and the Grenadines,2016,9.77289032999951
St. Vincent and the Grenadines,2017,6.2218079884045
St. Vincent and the Grenadines,2018,7.15644405905859
St. Vincent and the Grenadines,2019,5.70270456818541
St. Vincent and the Grenadines,2020,6.71087043230159
St. Vincent and the Grenadines,2021,5.23879959364458
Suriname,2000,-19.7475825715864
Suriname,2001,-9.89407700981861
Suriname,2002,-11.1091919583685
Suriname,2003,-0.227758122513344
Suriname,2004,6.7386374104178
Suriname,2005,1.60999747937889
Suriname,2006,-16.8261723542528
Suriname,2007,6.89823963534927
Suriname,2008,-2.87492239735718
Suriname,2009,4.85180307175705
Suriname,2010,4.09900197173043
Suriname,2011,-1.82998633360084
Suriname,2012,0.908894422312256
Suriname,2013,11.5552221319595
Suriname,2014,10.5328389572179
Suriname,2015,7.40486968802958
Suriname,2016,-8.53631734639971
Suriname,2017,-10.7056810596022
Suriname,2018,8.17572620760839
Suriname,2019,9.30479674675181
Suriname,2020,-20.9489558777992
Suriname,2021,-26.4597944386596
Sweden,2000,4.20343542764314
Sweden,2001,3.1678038966523
Sweden,2002,4.18016669564915
Sweden,2003,3.26180211941042
Sweden,2004,3.83670104761936
Sweden,2005,2.82621826614644
Sweden,2006,1.88744934931714
Switzerland,2008,1.86552324585828
Switzerland,2009,2.28284433688329
Switzerland,2010,2.41305026833025
Switzerland,2011,2.73934652630259
Switzerland,2012,2.62294172480656
Switzerland,2013,2.77842216227006
Switzerland,2014,3.36510208636232
Switzerland,2015,3.99644754248307
Switzerland,2016,3.24890887051055
Switzerland,2017,3.00636739533907
Switzerland,2018,1.84900465333685
Switzerland,2019,2.73966471699439
Switzerland,2020,3.40120784758337
Switzerland,2021,1.56342425484031
Tajikistan,2002,-3.87887629740887
Tajikistan,2003,-8.15046296202619
Tajikistan,2004,2.45507802874919
Tajikistan,2005,12.5741937374914
Tajikistan,2006,2.55451745444762
Tajikistan,2007,-3.36220546540617
Tajikistan,2008,-3.56503833011034
Tajikistan,2009,9.35520128155154
Tajikistan,2010,9.72594138073503
Tajikistan,2011,8.06297203407717
Tajikistan,2012,8.24612510137313
Tajikistan,2013,19.9754473269452
Tajikistan,2014,18.8653286469212
Tajikistan,2015,17.7511693755864
Tajikistan,2016,24.2694930321038
Tajikistan,2017,18.069323419898
Tajikistan,2018,24.0952102969262
Tajikistan,2019,19.189683736155
Tanzania,2000,12.3625316406785
Tanzania,2001,14.5410020204007
Tanzania,2002,8.54700275184248
Tanzania,2003,5.62474851520173
Tanzania,2004,6.78734531712968
Tanzania,2005,8.32725606208395
Tanzania,2006,9.61235270890832
Tanzania,2007,6.38956519301523
Tanzania,2008,-1.20176222890039
Tanzania,2009,5.49223043320112
Tanzania,2010,4.67468740583907
Tanzania,2011,2.46430420651643
Tanzania,2012,4.59141372064241
Tanzania,2013,5.64864168084363
Tanzania,2014,9.65573386813088
Tanzania,2015,7.91293618587464
Tanzania,2016,7.89628648135895
Tanzania,2017,14.6736953766794
Tanzania,2018,14.0214176326019
Tanzania,2019,14.1569232474196
Tanzania,2020,16.27986521364
Thailand,2000,6.41687160709718
Thailand,2001,5.25258115113859
Thailand,2004,0.949922531687859
Thailand,2005,-0.354173197273538
Thailand,2006,1.11279460175694
Thailand,2007,3.48698568702785
Thailand,2008,0.654506894891986
Thailand,2009,4.57231980497401
Thailand,2010,0.243128638611462
Thailand,2011,1.2766820317925
Thailand,2012,3.21675712469183
Thailand,2013,3.22433498210821
Thailand,2014,3.45784317114814
Thailand,2015,3.98101397309843
Thailand,2016,1.78511916997275
Thailand,2017,2.46971462408852
Thailand,2018,2.67979728915769
Thailand,2019,3.0565979777771
Thailand,2020,4.67277609848598
Thailand,2021,1.13796962405317
Timor-Leste,2011,-0.467222693107523
Timor-Leste,2012,5.69981082478326
Timor-Leste,2013,-3.62603582619483
Timor-Leste,2014,13.6945595690337
Timor-Leste,2015,5.86983986629587
Timor-Leste,2016,13.8941193216383
Timor-Leste,2017,13.6008113781814
Timor-Leste,2018,14.9668683271592
Timor-Leste,2019,9.84959827735899
Timor-Leste,2020,41.494424632538
Timor-Leste,2021,-30.2384367123112
Togo,2005,2.71985273405629
Togo,2006,5.27225318226646
Togo,2007,-0.206770051970086
Togo,2008,-6.07643753608897
Togo,2009,3.33991493462917
Togo,2010,4.45033762878636
Togo,2011,4.13446365468483
Togo,2012,3.27363631361237
Togo,2013,3.50935436421914
Togo,2014,5.42711261829208
Togo,2015,1.61823240966643
Togo,2016,-23.1379383175548
Togo,2017,5.59894316364775
Tonga,2012,5.50257646555245
Tonga,2013,12.0102681162017
Tonga,2014,8.6315625736382
Tonga,2015,2.8052601871833
Tonga,2016,4.72812527950505
Tonga,2017,2.13811641900404
Tonga,2018,2.75656446142116
Tonga,2019,0.336149493951913
Tonga,2020,12.5536627220234
Tonga,2021,9.89554120156363
Trinidad and Tobago,2000,3.97779499579407
Trinidad and Tobago,2001,12.5228375094763
Trinidad and Tobago,2002,18.6395676414552
Trinidad and Tobago,2003,0.622840512635675
Trinidad and Tobago,2004,0.393330894931759
Trinidad and Tobago,2005,-3.72150193385783
Trinidad and Tobago,2006,9.03210307148484
Trinidad and Tobago,2007,-0.888544431909194
Trinidad and Tobago,2008,-9.17262279754077
Trinidad and Tobago,2009,54.6777282052185
Trinidad and Tobago,2010,-3.06106094642406
Trinidad and Tobago,2011,-6.70574309512338
Trinidad and Tobago,2012,7.3383416919839
Trinidad and Tobago,2013,5.80536528807731
Trinidad and Tobago,2014,8.1261939202042
Trinidad and Tobago,2015,18.494226402967
Trinidad and Tobago,2016,11.0642445981627
Trinidad and Tobago,2017,0.881134816325021
Trinidad and Tobago,2018,5.94786744442172
Trinidad and Tobago,2019,11.8100274491863
Trinidad and Tobago,2020,11.4607053939191
Trinidad and Tobago,2021,-8.55066627773959
Uganda,2000,10.6216142698518
Uganda,2001,17.3344956752882
Uganda,2002,22.9955928411866
Uganda,2003,10.3290387314161
Uganda,2004,4.33924393655836
Uganda,2005,21.76555229082
Uganda,2006,15.9090043541074
Uganda,2007,10.9806235430814
Uganda,2008,13.2429702970238
Uganda,2009,-34.7434429589411
Uganda,2010,13.7612146494798
Uganda,2011,11.3734989298949
Uganda,2012,21.488079145076
Uganda,2013,19.0146300183029
Uganda,2014,15.6773841192766
Uganda,2015,16.5546646062956
Uganda,2016,18.2333937261364
Uganda,2017,15.890847110112
Uganda,2018,14.7478688080189
Ukraine,2000,11.0014569626244
Ukraine,2001,20.0334624721958
Ukraine,2002,19.0926391889736
Ukraine,2003,8.99608127369125
Ukraine,2004,1.81291767240014
Ukraine,2005,-6.38367731879628
Ukraine,2006,0.27571990885224
Ukraine,2007,-7.28020736362093
Ukraine,2008,-8.93474204549135
Ukraine,2009,7.31013899639911
Ukraine,2010,1.93111737385513
Ukraine,2011,1.54605607669365
Ukraine,2012,9.64012656225921
Ukraine,2013,11.8306483626893
Ukraine,2014,1.56710691487679
Ukraine,2015,-12.2829289815693
Ukraine,2016,1.82756968752031
Ukraine,2017,-4.68048423181966
Ukraine,2018,3.12512181706498
Ukraine,2019,10.6936587686836
Ukraine,2020,3.62433269101717
Ukraine,2021,-9.4095651610534
United Kingdom,2000,4.59168266673038
United Kingdom,2001,3.24781161573456
United Kingdom,2002,1.73838697226446
United Kingdom,2003,1.14813946179802
United Kingdom,2004,1.6819475303836
United Kingdom,2005,1.58993472705451
United Kingdom,2006,1.58643045432936
United Kingdom,2007,3.10615750753538
United Kingdom,2008,1.30605577281592
United Kingdom,2009,-1.24077155816474
United Kingdom,2010,-0.920326327088472
United Kingdom,2011,-1.59042751733336
United Kingdom,2012,-0.962097068555108
United Kingdom,2013,-1.63576960805278
United Kingdom,2014,-0.767983673345946
United States,2000,6.81342428762499
United States,2001,4.56584792926521
United States,2002,3.06864284890227
United States,2003,2.10731081134663
United States,2004,1.61231095358931
United States,2005,2.96050632995504
United States,2006,4.7260896527078
United States,2007,5.20675937563525
United States,2008,3.10992082507062
United States,2009,2.59242897114548
United States,2010,2.02388548830537
United States,2011,1.14842519072757
United States,2012,1.35407520046539
United States,2013,1.47325427864866
United States,2014,1.35477579214004
United States,2015,2.23707549539748
United States,2016,2.48453034184575
United States,2017,2.15609905051382
United States,2018,2.44141502630097
United States,2019,3.42708988830508
United States,2020,2.2104106796787
United States,2021,-1.18935690125342
Uruguay,2000,42.4969239553519
Uruguay,2001,43.2064213777374
Uruguay,2002,93.9150781514798
Uruguay,2003,36.3812989431536
Uruguay,2004,12.3282786808599
Uruguay,2005,12.844585584122
Uruguay,2006,2.55007611430522
Uruguay,2007,-0.436648325245358
Uruguay,2008,4.09547422946194
Uruguay,2009,6.99533386058749
Uruguay,2010,5.16571402600159
Uruguay,2011,0.708327220660627
Uruguay,2012,2.43340091529679
Uruguay,2013,3.95763987936066
Uruguay,2014,5.63387333270386
Uruguay,2015,6.26035004337627
Uruguay,2016,-0.380204830874422
Uruguay,2017,8.42661129038542
Uruguay,2018,4.76116157400445
Uruguay,2019,2.79592257803228
Uruguay,2020,0.174615019058356
Uruguay,2021,-2.3238968179498
Uzbekistan,2013,3.76261702380834
Uzbekistan,2014,1.72351323751425
Uzbekistan,2015,2.96202955466901
Uzbekistan,2016,4.21700427700178
Uzbekistan,2017,-3.09506271444068
Uzbekistan,2018,-5.52613101571897
Uzbekistan,2019,4.83085666674546
Uzbekistan,2020,9.57940407098947
Uzbekistan,2021,6.90762798524386
Vanuatu,2013,7.32099124176805
Vanuatu,2014,8.89028670205819
Vanuatu,2015,4.09675385728672
Vanuatu,2016,8.39069598333802
Vanuatu,2017,4.36668053118227
Vanuatu,2018,6.75830647676421
Vanuatu,2019,6.55161913999588
Vanuatu,2020,7.81950512068903
Vanuatu,2021,8.84082515785406
"Venezuela, RB",2000,-3.28587532963615
"Venezuela, RB",2001,13.3844231339627
"Venezuela, RB",2002,2.67218994668373
"Venezuela, RB",2003,-7.21866989625882
"Venezuela, RB",2004,-11.5391025879983
"Venezuela, RB",2005,-9.87229315861923
"Venezuela, RB",2006,-2.05899917326322
"Venezuela, RB",2007,1.43485845305461
"Venezuela, RB",2008,-5.96439961739873
"Venezuela, RB",2009,11.1856446074341
"Venezuela, RB",2010,-18.9085587466056
"Venezuela, RB",2011,-8.58311384652384
"Venezuela, RB",2012,2.03452703069444
"Venezuela, RB",2013,-14.4703229568526
"Venezuela, RB",2014,-16.5399760583746
Vietnam,2000,6.90576665423532
Vietnam,2001,6.62403546577674
Vietnam,2002,4.16693711887903
Vietnam,2003,2.2130579180517
Vietnam,2004,1.18892233903125
Vietnam,2005,-6.55288740482581
Vietnam,2006,2.40151726058398
Vietnam,2007,1.41363786949816
Vietnam,2008,-5.61633528941891
Vietnam,2009,3.62788141444386
Vietnam,2010,-20.4970819116272
Vietnam,2011,-3.67325438614087
Vietnam,2012,4.02832722489889
Vietnam,2013,6.08968104659056
Vietnam,2014,4.78973722314018
Vietnam,2015,8.98831092147988
Vietnam,2016,5.04860867392924
Vietnam,2017,2.59150433787981
Vietnam,2018,3.61414933403577
Vietnam,2019,5.15927258752511
Vietnam,2020,6.09063414154083
Vietnam,2021,4.89668381373845
West Bank and Gaza,2004,12.7570632825461
West Bank and Gaza,2005,7.27469046188473
West Bank and Gaza,2006,2.21492338698343
West Bank and Gaza,2007,3.06123766662527
West Bank and Gaza,2008,-8.39329411334679
West Bank and Gaza,2009,4.25610648353702
West Bank and Gaza,2010,-6.06253496194225
West Bank and Gaza,2011,1.29651407870956
West Bank and Gaza,2012,3.98603685527007
West Bank and Gaza,2013,1.68103260351344
West Bank and Gaza,2014,2.63940419367075
West Bank and Gaza,2015,10.8929228684251
West Bank and Gaza,2016,4.81021837744655
West Bank and Gaza,2017,2.48648397866908
West Bank and Gaza,2018,6.19365815999576
West Bank and Gaza,2019,2.00529807738656
West Bank and Gaza,2020,3.22478542182297
West Bank and Gaza,2021,-2.69664551512918
"Yemen, Rep.",2000,-3.24589365741388
"Yemen, Rep.",2001,14.4608994677471
"Yemen, Rep.",2002,8.34443136708262
"Yemen, Rep.",2003,6.42114878963689
"Yemen, Rep.",2004,3.85120362970336
"Yemen, Rep.",2005,-0.410914968114143
"Yemen, Rep.",2006,3.84390173677066
"Yemen, Rep.",2007,6.40693260011949
"Yemen, Rep.",2008,-1.97523737577545
"Yemen, Rep.",2009,29.2517103958068
"Yemen, Rep.",2010,0.17557662630451
"Yemen, Rep.",2011,5.83025954954683
"Yemen, Rep.",2012,17.5713344155713
"Yemen, Rep.",2013,11.7887549080688
Zambia,2000,4.6647680701877
Zambia,2001,16.6774634895963
Zambia,2002,21.6156242816087
Zambia,2003,19.5253414742067
Zambia,2004,9.19693364690934
Zambia,2005,9.90908518429273
Zambia,2006,7.51782024205524
Zambia,2007,5.24087063421901
Zambia,2008,7.61379538117008
Zambia,2009,15.6336334619814
Zambia,2010,6.11294221169531
Zambia,2011,6.95184861595744
Zambia,2012,4.82168411390892
Zambia,2013,-0.19171999969304
Zambia,2014,5.82112754664031
Zambia,2015,6.17921585248158
Zambia,2016,1.71507942828023
Zambia,2017,2.07026206591277
Zambia,2018,2.21586529013412
Zambia,2019,2.46967432530594
Zambia,2020,-3.74908053164233
Zimbabwe,2012,6.42855426496916
Zimbabwe,2013,1.52543462451911
Zimbabwe,2014,8.78760499995183
Zimbabwe,2015,8.14442756777177
Zimbabwe,2016,4.99856301455966
Zimbabwe,2017,3.74284618874393
Zimbabwe,2018,-64.3808168585968
Zimbabwe,2019,-64.2951513472293
Zimbabwe,2020,-81.1321209070444
Zimbabwe,2021,-31.7955508255866
